order_item_id,order_id,product_id,quantity,discount,line_revenue
OI00001-1,O00001,P064,1,0.2,1560.48
OI00001-2,O00001,P028,2,0.0,7730.96
OI00001-3,O00001,P032,1,0.15,4120.9
OI00001-4,O00001,P070,3,0.0,6567.69
OI00002-1,O00002,P026,3,0.0,12794.55
OI00002-2,O00002,P031,1,0.2,316.62
OI00002-3,O00002,P030,3,0.0,12157.68
OI00003-1,O00003,P062,2,0.15,3355.51
OI00003-2,O00003,P058,2,0.2,5991.09
OI00004-1,O00004,P077,1,0.2,3861.41
OI00004-2,O00004,P027,3,0.0,12519.81
OI00005-1,O00005,P041,2,0.15,4555.03
OI00005-2,O00005,P026,3,0.1,11515.1
OI00005-3,O00005,P011,1,0.2,3562.0
OI00005-4,O00005,P060,3,0.2,9748.78
OI00006-1,O00006,P030,3,0.0,12157.68
OI00007-1,O00007,P063,2,0.15,2406.47
OI00008-1,O00008,P024,2,0.0,7262.68
OI00008-2,O00008,P045,2,0.05,9179.79
OI00009-1,O00009,P046,3,0.1,3680.02
OI00009-2,O00009,P075,3,0.0,6811.86
OI00009-3,O00009,P033,2,0.0,7522.7
OI00009-4,O00009,P058,3,0.2,8986.63
OI00010-1,O00010,P042,2,0.0,1706.9
OI00011-1,O00011,P039,1,0.0,1583.88
OI00011-2,O00011,P010,1,0.1,2559.86
OI00011-3,O00011,P055,1,0.0,2386.43
OI00011-4,O00011,P058,3,0.05,10671.63
OI00012-1,O00012,P057,3,0.05,13763.7
OI00012-2,O00012,P013,2,0.0,6235.38
OI00012-3,O00012,P015,1,0.15,1066.27
OI00013-1,O00013,P060,1,0.15,3452.69
OI00014-1,O00014,P039,1,0.0,1583.88
OI00014-2,O00014,P007,1,0.1,749.56
OI00014-3,O00014,P034,3,0.1,11000.88
OI00015-1,O00015,P075,3,0.15,5790.08
OI00015-2,O00015,P031,1,0.0,395.78
OI00015-3,O00015,P037,1,0.2,2330.98
OI00016-1,O00016,P008,1,0.15,4021.57
OI00016-2,O00016,P027,1,0.0,4173.27
OI00017-1,O00017,P017,3,0.2,4369.49
OI00017-2,O00017,P030,2,0.15,6889.35
OI00017-3,O00017,P064,1,0.0,1950.6
OI00018-1,O00018,P049,1,0.05,2439.95
OI00018-2,O00018,P072,3,0.2,3714.86
OI00018-3,O00018,P069,3,0.2,11259.26
OI00019-1,O00019,P059,2,0.15,2666.96
OI00019-2,O00019,P069,3,0.0,14074.08
OI00019-3,O00019,P043,3,0.2,8382.77
OI00019-4,O00019,P025,2,0.0,5782.82
OI00020-1,O00020,P024,3,0.1,9804.62
OI00021-1,O00021,P004,2,0.1,1978.47
OI00021-2,O00021,P020,1,0.1,1136.57
OI00022-1,O00022,P029,2,0.0,5611.18
OI00022-2,O00022,P033,2,0.0,7522.7
OI00022-3,O00022,P036,2,0.0,8884.7
OI00022-4,O00022,P037,2,0.0,5827.44
OI00023-1,O00023,P018,1,0.2,739.14
OI00024-1,O00024,P040,1,0.05,2792.84
OI00024-2,O00024,P078,1,0.05,4164.8
OI00024-3,O00024,P015,1,0.0,1254.44
OI00024-4,O00024,P046,2,0.2,2180.75
OI00025-1,O00025,P055,2,0.15,4056.93
OI00025-2,O00025,P014,3,0.15,6028.74
OI00026-1,O00026,P005,1,0.05,4581.17
OI00026-2,O00026,P079,3,0.2,4246.49
OI00026-3,O00026,P064,2,0.05,3706.14
OI00026-4,O00026,P058,2,0.15,6365.53
OI00027-1,O00027,P045,1,0.15,4106.75
OI00027-2,O00027,P048,2,0.0,8331.44
OI00027-3,O00027,P023,1,0.05,4275.03
OI00027-4,O00027,P074,1,0.0,4511.83
OI00028-1,O00028,P028,3,0.0,11596.44
OI00028-2,O00028,P014,1,0.0,2364.21
OI00029-1,O00029,P008,3,0.0,14193.78
OI00029-2,O00029,P048,2,0.2,6665.15
OI00029-3,O00029,P038,2,0.0,6831.1
OI00030-1,O00030,P031,3,0.2,949.87
OI00031-1,O00031,P080,3,0.0,5136.27
OI00031-2,O00031,P015,2,0.2,2007.1
OI00031-3,O00031,P038,1,0.2,2732.44
OI00031-4,O00031,P008,2,0.1,8516.27
OI00032-1,O00032,P022,3,0.0,4339.8
OI00033-1,O00033,P003,1,0.15,4198.72
OI00033-2,O00033,P052,1,0.2,2197.0
OI00033-3,O00033,P057,2,0.0,9658.74
OI00033-4,O00033,P029,2,0.0,5611.18
OI00034-1,O00034,P045,2,0.0,9662.94
OI00034-2,O00034,P049,1,0.15,2183.11
OI00035-1,O00035,P047,3,0.0,10907.1
OI00035-2,O00035,P029,1,0.05,2665.31
OI00035-3,O00035,P028,1,0.0,3865.48
OI00036-1,O00036,P003,1,0.05,4692.69
OI00037-1,O00037,P039,1,0.0,1583.88
OI00037-2,O00037,P057,2,0.2,7726.99
OI00037-3,O00037,P060,1,0.15,3452.69
OI00038-1,O00038,P070,1,0.15,1860.85
OI00038-2,O00038,P056,3,0.15,10883.78
OI00038-3,O00038,P018,1,0.05,877.72
OI00039-1,O00039,P048,1,0.0,4165.72
OI00040-1,O00040,P018,2,0.2,1478.27
OI00040-2,O00040,P045,2,0.1,8696.65
OI00040-3,O00040,P059,3,0.2,3765.12
OI00041-1,O00041,P073,2,0.0,2527.72
OI00041-2,O00041,P025,2,0.05,5493.68
OI00042-1,O00042,P031,3,0.0,1187.34
OI00043-1,O00043,P024,1,0.0,3631.34
OI00043-2,O00043,P040,1,0.2,2351.86
OI00043-3,O00043,P070,2,0.0,4378.46
OI00044-1,O00044,P050,1,0.2,1609.8
OI00044-2,O00044,P044,1,0.0,4685.14
OI00044-3,O00044,P039,2,0.0,3167.76
OI00044-4,O00044,P047,1,0.0,3635.7
OI00045-1,O00045,P056,2,0.2,6829.04
OI00045-2,O00045,P026,2,0.1,7676.73
OI00046-1,O00046,P048,3,0.05,11872.3
OI00047-1,O00047,P071,2,0.2,4747.86
OI00047-2,O00047,P026,3,0.1,11515.1
OI00047-3,O00047,P015,2,0.2,2007.1
OI00047-4,O00047,P041,2,0.0,5358.86
OI00048-1,O00048,P010,2,0.1,5119.72
OI00048-2,O00048,P041,2,0.2,4287.09
OI00048-3,O00048,P061,1,0.05,4231.42
OI00049-1,O00049,P022,1,0.0,1446.6
OI00049-2,O00049,P030,3,0.15,10334.03
OI00050-1,O00050,P080,2,0.0,3424.18
OI00050-2,O00050,P018,3,0.0,2771.76
OI00050-3,O00050,P067,1,0.1,3372.15
OI00051-1,O00051,P073,2,0.15,2148.56
OI00052-1,O00052,P009,1,0.15,2628.95
OI00052-2,O00052,P003,1,0.2,3951.74
OI00053-1,O00053,P021,1,0.05,727.03
OI00054-1,O00054,P046,3,0.05,3884.46
OI00055-1,O00055,P007,2,0.15,1415.83
OI00055-2,O00055,P018,1,0.0,923.92
OI00055-3,O00055,P070,3,0.2,5254.15
OI00056-1,O00056,P005,1,0.0,4822.28
OI00057-1,O00057,P074,1,0.05,4286.24
OI00057-2,O00057,P063,2,0.05,2689.58
OI00058-1,O00058,P021,1,0.15,650.5
OI00058-2,O00058,P057,3,0.15,12314.89
OI00059-1,O00059,P028,2,0.15,6571.32
OI00059-2,O00059,P037,3,0.15,7429.99
OI00060-1,O00060,P014,3,0.0,7092.63
OI00060-2,O00060,P049,3,0.05,7319.85
OI00060-3,O00060,P065,1,0.05,4165.27
OI00060-4,O00060,P013,3,0.2,7482.46
OI00061-1,O00061,P015,1,0.2,1003.55
OI00061-2,O00061,P078,2,0.2,7014.4
OI00062-1,O00062,P079,2,0.0,3538.74
OI00062-2,O00062,P032,1,0.0,4848.12
OI00063-1,O00063,P024,2,0.0,7262.68
OI00064-1,O00064,P018,2,0.15,1570.66
OI00064-2,O00064,P048,3,0.05,11872.3
OI00064-3,O00064,P025,3,0.2,6939.38
OI00065-1,O00065,P070,1,0.15,1860.85
OI00065-2,O00065,P065,1,0.05,4165.27
OI00065-3,O00065,P079,3,0.0,5308.11
OI00065-4,O00065,P080,3,0.2,4109.02
OI00066-1,O00066,P046,1,0.0,1362.97
OI00066-2,O00066,P067,1,0.05,3559.49
OI00066-3,O00066,P016,3,0.0,8923.65
OI00067-1,O00067,P001,2,0.05,9020.9
OI00067-2,O00067,P021,1,0.0,765.29
OI00068-1,O00068,P041,1,0.1,2411.49
OI00069-1,O00069,P079,1,0.05,1680.9
OI00069-2,O00069,P011,3,0.2,10686.0
OI00070-1,O00070,P010,3,0.1,7679.58
OI00070-2,O00070,P068,3,0.15,3644.41
OI00071-1,O00071,P066,1,0.15,1463.71
OI00071-2,O00071,P080,1,0.1,1540.88
OI00072-1,O00072,P019,2,0.15,1476.98
OI00073-1,O00073,P058,3,0.0,11233.29
OI00073-2,O00073,P026,3,0.2,10235.64
OI00073-3,O00073,P015,2,0.15,2132.55
OI00074-1,O00074,P025,2,0.15,4915.4
OI00074-2,O00074,P013,2,0.15,5300.07
OI00075-1,O00075,P008,1,0.15,4021.57
OI00075-2,O00075,P040,1,0.2,2351.86
OI00076-1,O00076,P052,2,0.05,5217.88
OI00076-2,O00076,P033,2,0.05,7146.56
OI00076-3,O00076,P051,1,0.2,1169.78
OI00077-1,O00077,P017,3,0.2,4369.49
OI00078-1,O00078,P006,1,0.15,2357.27
OI00078-2,O00078,P060,1,0.15,3452.69
OI00078-3,O00078,P005,1,0.2,3857.82
OI00078-4,O00078,P037,1,0.05,2768.03
OI00079-1,O00079,P076,3,0.0,6163.77
OI00079-2,O00079,P079,2,0.05,3361.8
OI00080-1,O00080,P059,2,0.15,2666.96
OI00080-2,O00080,P003,2,0.15,8397.44
OI00080-3,O00080,P057,3,0.0,14488.11
OI00080-4,O00080,P066,1,0.0,1722.01
OI00081-1,O00081,P009,1,0.15,2628.95
OI00081-2,O00081,P071,1,0.0,2967.41
OI00081-3,O00081,P015,3,0.2,3010.66
OI00082-1,O00082,P071,2,0.05,5638.08
OI00082-2,O00082,P019,3,0.1,2345.79
OI00082-3,O00082,P039,2,0.05,3009.37
OI00083-1,O00083,P048,1,0.2,3332.58
OI00083-2,O00083,P051,3,0.1,3948.02
OI00083-3,O00083,P044,1,0.1,4216.63
OI00084-1,O00084,P002,3,0.2,6144.05
OI00085-1,O00085,P047,1,0.0,3635.7
OI00085-2,O00085,P061,1,0.15,3786.01
OI00085-3,O00085,P015,3,0.0,3763.32
OI00085-4,O00085,P018,1,0.0,923.92
OI00086-1,O00086,P040,3,0.1,7937.54
OI00086-2,O00086,P047,3,0.2,8725.68
OI00086-3,O00086,P043,3,0.1,9430.61
OI00087-1,O00087,P079,2,0.15,3007.93
OI00087-2,O00087,P050,3,0.15,5131.24
OI00087-3,O00087,P030,2,0.1,7294.61
OI00088-1,O00088,P009,1,0.0,3092.88
OI00088-2,O00088,P046,3,0.05,3884.46
OI00089-1,O00089,P033,2,0.15,6394.3
OI00089-2,O00089,P072,1,0.0,1547.86
OI00089-3,O00089,P021,3,0.0,2295.87
OI00090-1,O00090,P006,2,0.0,5546.52
OI00090-2,O00090,P067,2,0.05,7118.98
OI00090-3,O00090,P063,1,0.05,1344.79
OI00090-4,O00090,P058,1,0.15,3182.77
OI00091-1,O00091,P012,2,0.15,3603.01
OI00092-1,O00092,P040,1,0.0,2939.83
OI00092-2,O00092,P041,3,0.1,7234.46
OI00092-3,O00092,P024,3,0.15,9259.92
OI00093-1,O00093,P007,2,0.1,1499.11
OI00094-1,O00094,P029,1,0.2,2244.47
OI00094-2,O00094,P080,2,0.2,2739.34
OI00094-3,O00094,P013,3,0.0,9353.07
OI00094-4,O00094,P019,3,0.1,2345.79
OI00095-1,O00095,P067,1,0.15,3184.81
OI00095-2,O00095,P011,2,0.0,8905.0
OI00095-3,O00095,P058,1,0.0,3744.43
OI00095-4,O00095,P016,3,0.15,7585.1
OI00096-1,O00096,P010,2,0.05,5404.15
OI00096-2,O00096,P069,2,0.15,7975.31
OI00096-3,O00096,P048,3,0.15,10622.59
OI00096-4,O00096,P017,1,0.0,1820.62
OI00097-1,O00097,P075,3,0.1,6130.67
OI00097-2,O00097,P028,1,0.15,3285.66
OI00097-3,O00097,P057,1,0.05,4587.9
OI00097-4,O00097,P049,2,0.0,5136.74
OI00098-1,O00098,P021,1,0.0,765.29
OI00098-2,O00098,P049,2,0.0,5136.74
OI00098-3,O00098,P029,1,0.2,2244.47
OI00099-1,O00099,P046,2,0.0,2725.94
OI00099-2,O00099,P008,1,0.2,3785.01
OI00099-3,O00099,P029,1,0.1,2525.03
OI00099-4,O00099,P062,1,0.2,1579.06
OI00100-1,O00100,P026,3,0.0,12794.55
OI00100-2,O00100,P047,3,0.0,10907.1
OI00100-3,O00100,P070,1,0.05,2079.77
OI00100-4,O00100,P006,1,0.2,2218.61
OI00101-1,O00101,P063,3,0.0,4246.71
OI00101-2,O00101,P054,2,0.0,5375.3
OI00101-3,O00101,P034,1,0.15,3463.24
OI00102-1,O00102,P049,3,0.05,7319.85
OI00103-1,O00103,P019,3,0.1,2345.79
OI00103-2,O00103,P027,1,0.0,4173.27
OI00104-1,O00104,P037,1,0.05,2768.03
OI00105-1,O00105,P044,3,0.1,12649.88
OI00105-2,O00105,P057,2,0.15,8209.93
OI00106-1,O00106,P013,1,0.0,3117.69
OI00106-2,O00106,P074,2,0.2,7218.93
OI00106-3,O00106,P005,2,0.1,8680.1
OI00106-4,O00106,P052,2,0.1,4943.25
OI00107-1,O00107,P065,2,0.0,8768.98
OI00108-1,O00108,P023,2,0.15,7650.05
OI00108-2,O00108,P014,3,0.1,6383.37
OI00108-3,O00108,P029,3,0.0,8416.77
OI00108-4,O00108,P003,2,0.1,8891.41
OI00109-1,O00109,P027,2,0.05,7929.21
OI00110-1,O00110,P020,1,0.0,1262.86
OI00110-2,O00110,P031,3,0.0,1187.34
OI00111-1,O00111,P078,2,0.0,8768.0
OI00111-2,O00111,P016,3,0.2,7138.92
OI00111-3,O00111,P047,3,0.0,10907.1
OI00111-4,O00111,P033,3,0.05,10719.85
OI00112-1,O00112,P022,2,0.05,2748.54
OI00112-2,O00112,P016,2,0.15,5056.74
OI00113-1,O00113,P053,1,0.0,4342.28
OI00113-2,O00113,P014,1,0.1,2127.79
OI00113-3,O00113,P044,3,0.2,11244.34
OI00114-1,O00114,P013,3,0.2,7482.46
OI00114-2,O00114,P027,2,0.1,7511.89
OI00115-1,O00115,P036,1,0.15,3776.0
OI00116-1,O00116,P023,2,0.15,7650.05
OI00116-2,O00116,P070,2,0.0,4378.46
OI00117-1,O00117,P047,2,0.15,6180.69
OI00117-2,O00117,P053,3,0.2,10421.47
OI00117-3,O00117,P019,3,0.15,2215.47
OI00118-1,O00118,P015,3,0.0,3763.32
OI00118-2,O00118,P043,1,0.0,3492.82
OI00118-3,O00118,P037,2,0.1,5244.7
OI00119-1,O00119,P014,1,0.15,2009.58
OI00119-2,O00119,P053,2,0.2,6947.65
OI00119-3,O00119,P066,3,0.05,4907.73
OI00119-4,O00119,P062,3,0.0,5921.49
OI00120-1,O00120,P023,3,0.1,12150.08
OI00120-2,O00120,P076,1,0.0,2054.59
OI00121-1,O00121,P027,3,0.2,10015.85
OI00122-1,O00122,P080,2,0.15,2910.55
OI00122-2,O00122,P035,3,0.05,9424.81
OI00123-1,O00123,P065,1,0.0,4384.49
OI00123-2,O00123,P059,1,0.1,1411.92
OI00123-3,O00123,P060,1,0.1,3655.79
OI00123-4,O00123,P005,3,0.0,14466.84
OI00124-1,O00124,P053,2,0.05,8250.33
OI00124-2,O00124,P037,3,0.15,7429.99
OI00124-3,O00124,P025,3,0.05,8240.52
OI00124-4,O00124,P024,3,0.0,10894.02
OI00125-1,O00125,P009,2,0.2,4948.61
OI00125-2,O00125,P026,2,0.05,8103.22
OI00125-3,O00125,P007,1,0.2,666.27
OI00126-1,O00126,P024,2,0.0,7262.68
OI00126-2,O00126,P006,3,0.15,7071.81
OI00127-1,O00127,P007,2,0.05,1582.4
OI00128-1,O00128,P006,1,0.2,2218.61
OI00128-2,O00128,P033,1,0.15,3197.15
OI00128-3,O00128,P063,2,0.15,2406.47
OI00129-1,O00129,P012,2,0.2,3391.07
OI00130-1,O00130,P025,1,0.0,2891.41
OI00130-2,O00130,P050,2,0.1,3622.05
OI00131-1,O00131,P070,3,0.2,5254.15
OI00131-2,O00131,P039,2,0.2,2534.21
OI00132-1,O00132,P078,3,0.05,12494.4
OI00132-2,O00132,P024,2,0.0,7262.68
OI00132-3,O00132,P056,2,0.15,7255.85
OI00132-4,O00132,P028,1,0.05,3672.21
OI00133-1,O00133,P014,3,0.2,5674.1
OI00133-2,O00133,P037,3,0.1,7867.04
OI00133-3,O00133,P044,3,0.0,14055.42
OI00133-4,O00133,P030,3,0.15,10334.03
OI00134-1,O00134,P040,3,0.1,7937.54
OI00134-2,O00134,P077,3,0.2,11584.22
OI00134-3,O00134,P062,2,0.2,3158.13
OI00134-4,O00134,P038,3,0.0,10246.65
OI00135-1,O00135,P005,2,0.0,9644.56
OI00135-2,O00135,P033,1,0.2,3009.08
OI00136-1,O00136,P054,1,0.0,2687.65
OI00137-1,O00137,P014,1,0.2,1891.37
OI00137-2,O00137,P011,2,0.15,7569.25
OI00137-3,O00137,P057,1,0.2,3863.5
OI00138-1,O00138,P018,1,0.2,739.14
OI00138-2,O00138,P058,2,0.0,7488.86
OI00138-3,O00138,P078,2,0.05,8329.6
OI00138-4,O00138,P030,1,0.1,3647.3
OI00139-1,O00139,P011,2,0.15,7569.25
OI00140-1,O00140,P002,2,0.1,4608.04
OI00140-2,O00140,P028,2,0.05,7344.41
OI00140-3,O00140,P046,2,0.1,2453.35
OI00140-4,O00140,P075,2,0.15,3860.05
OI00141-1,O00141,P003,1,0.2,3951.74
OI00141-2,O00141,P070,1,0.0,2189.23
OI00142-1,O00142,P017,1,0.05,1729.59
OI00143-1,O00143,P012,2,0.15,3603.01
OI00143-2,O00143,P033,2,0.05,7146.56
OI00144-1,O00144,P045,3,0.15,12320.25
OI00144-2,O00144,P020,2,0.15,2146.86
OI00144-3,O00144,P065,2,0.15,7453.63
OI00144-4,O00144,P019,2,0.15,1476.98
OI00145-1,O00145,P001,1,0.0,4747.84
OI00145-2,O00145,P025,2,0.1,5204.54
OI00145-3,O00145,P061,3,0.05,12694.27
OI00145-4,O00145,P029,1,0.1,2525.03
OI00146-1,O00146,P067,1,0.0,3746.83
OI00147-1,O00147,P040,3,0.05,8378.52
OI00147-2,O00147,P058,2,0.1,6739.97
OI00147-3,O00147,P027,3,0.15,10641.84
OI00147-4,O00147,P045,1,0.2,3865.18
OI00148-1,O00148,P059,3,0.0,4706.4
OI00149-1,O00149,P027,2,0.1,7511.89
OI00149-2,O00149,P020,3,0.2,3030.86
OI00150-1,O00150,P075,1,0.2,1816.5
OI00150-2,O00150,P065,2,0.15,7453.63
OI00150-3,O00150,P070,3,0.1,5910.92
OI00151-1,O00151,P023,1,0.2,3600.02
OI00151-2,O00151,P080,1,0.05,1626.49
OI00152-1,O00152,P028,2,0.0,7730.96
OI00153-1,O00153,P014,3,0.0,7092.63
OI00153-2,O00153,P046,1,0.05,1294.82
OI00154-1,O00154,P006,3,0.2,6655.82
OI00154-2,O00154,P017,3,0.1,4915.67
OI00154-3,O00154,P003,2,0.1,8891.41
OI00155-1,O00155,P078,3,0.2,10521.6
OI00155-2,O00155,P037,1,0.2,2330.98
OI00155-3,O00155,P014,2,0.15,4019.16
OI00155-4,O00155,P026,2,0.05,8103.22
OI00156-1,O00156,P008,3,0.0,14193.78
OI00156-2,O00156,P060,2,0.1,7311.58
OI00157-1,O00157,P049,2,0.0,5136.74
OI00157-2,O00157,P037,3,0.2,6992.93
OI00158-1,O00158,P004,2,0.1,1978.47
OI00159-1,O00159,P017,1,0.05,1729.59
OI00159-2,O00159,P069,2,0.05,8913.58
OI00160-1,O00160,P010,2,0.15,4835.29
OI00160-2,O00160,P039,3,0.2,3801.31
OI00160-3,O00160,P034,2,0.05,7741.36
OI00161-1,O00161,P010,2,0.1,5119.72
OI00161-2,O00161,P008,3,0.0,14193.78
OI00161-3,O00161,P074,1,0.0,4511.83
OI00161-4,O00161,P050,3,0.05,5734.91
OI00162-1,O00162,P061,3,0.15,11358.03
OI00163-1,O00163,P067,3,0.2,8992.39
OI00163-2,O00163,P022,1,0.2,1157.28
OI00163-3,O00163,P051,2,0.0,2924.46
OI00163-4,O00163,P066,1,0.15,1463.71
OI00164-1,O00164,P030,1,0.0,4052.56
OI00165-1,O00165,P040,2,0.15,4997.71
OI00165-2,O00165,P057,1,0.1,4346.43
OI00165-3,O00165,P041,3,0.15,6832.55
OI00165-4,O00165,P010,2,0.0,5688.58
OI00166-1,O00166,P055,1,0.1,2147.79
OI00166-2,O00166,P068,1,0.0,1429.18
OI00167-1,O00167,P012,3,0.15,5404.52
OI00167-2,O00167,P003,3,0.15,12596.16
OI00167-3,O00167,P035,1,0.1,2976.26
OI00167-4,O00167,P062,3,0.15,5033.27
OI00168-1,O00168,P020,1,0.2,1010.29
OI00168-2,O00168,P061,2,0.05,8462.85
OI00168-3,O00168,P062,3,0.05,5625.42
OI00169-1,O00169,P063,1,0.0,1415.57
OI00169-2,O00169,P075,3,0.05,6471.27
OI00169-3,O00169,P062,1,0.05,1875.14
OI00169-4,O00169,P003,1,0.1,4445.7
OI00170-1,O00170,P061,2,0.15,7572.02
OI00171-1,O00171,P027,1,0.1,3755.94
OI00171-2,O00171,P016,2,0.05,5651.65
OI00171-3,O00171,P002,1,0.0,2560.02
OI00172-1,O00172,P040,1,0.2,2351.86
OI00172-2,O00172,P019,1,0.05,825.37
OI00172-3,O00172,P028,2,0.1,6957.86
OI00172-4,O00172,P001,1,0.15,4035.66
OI00173-1,O00173,P040,3,0.0,8819.49
OI00173-2,O00173,P021,2,0.1,1377.52
OI00173-3,O00173,P045,2,0.2,7730.35
OI00174-1,O00174,P054,3,0.0,8062.95
OI00174-2,O00174,P076,1,0.05,1951.86
OI00175-1,O00175,P003,2,0.15,8397.44
OI00175-2,O00175,P044,3,0.2,11244.34
OI00176-1,O00176,P011,3,0.0,13357.5
OI00176-2,O00176,P038,1,0.1,3074.0
OI00176-3,O00176,P064,1,0.0,1950.6
OI00177-1,O00177,P074,2,0.1,8121.29
OI00177-2,O00177,P044,3,0.05,13352.65
OI00177-3,O00177,P012,2,0.1,3814.96
OI00178-1,O00178,P045,3,0.15,12320.25
OI00178-2,O00178,P070,2,0.0,4378.46
OI00178-3,O00178,P069,2,0.15,7975.31
OI00178-4,O00178,P006,3,0.2,6655.82
OI00179-1,O00179,P030,3,0.0,12157.68
OI00180-1,O00180,P009,2,0.1,5567.18
OI00181-1,O00181,P023,2,0.2,7200.05
OI00181-2,O00181,P036,3,0.15,11327.99
OI00181-3,O00181,P051,1,0.1,1316.01
OI00181-4,O00181,P014,2,0.2,3782.74
OI00182-1,O00182,P021,2,0.0,1530.58
OI00182-2,O00182,P014,3,0.0,7092.63
OI00182-3,O00182,P040,1,0.1,2645.85
OI00183-1,O00183,P062,1,0.0,1973.83
OI00184-1,O00184,P019,2,0.15,1476.98
OI00185-1,O00185,P036,2,0.15,7552.0
OI00186-1,O00186,P033,2,0.0,7522.7
OI00186-2,O00186,P049,2,0.1,4623.07
OI00187-1,O00187,P047,2,0.15,6180.69
OI00187-2,O00187,P057,1,0.2,3863.5
OI00188-1,O00188,P026,2,0.2,6823.76
OI00189-1,O00189,P005,1,0.0,4822.28
OI00189-2,O00189,P017,1,0.15,1547.53
OI00190-1,O00190,P056,1,0.2,3414.52
OI00190-2,O00190,P062,2,0.2,3158.13
OI00191-1,O00191,P043,1,0.1,3143.54
OI00191-2,O00191,P035,2,0.1,5952.51
OI00191-3,O00191,P064,2,0.1,3511.08
OI00192-1,O00192,P066,3,0.0,5166.03
OI00192-2,O00192,P024,3,0.2,8715.22
OI00193-1,O00193,P027,3,0.0,12519.81
OI00193-2,O00193,P051,2,0.0,2924.46
OI00193-3,O00193,P029,1,0.05,2665.31
OI00194-1,O00194,P026,2,0.15,7250.25
OI00195-1,O00195,P048,3,0.05,11872.3
OI00195-2,O00195,P080,2,0.1,3081.76
OI00195-3,O00195,P033,2,0.2,6018.16
OI00196-1,O00196,P051,1,0.0,1462.23
OI00196-2,O00196,P080,2,0.15,2910.55
OI00196-3,O00196,P024,3,0.2,8715.22
OI00197-1,O00197,P001,3,0.0,14243.52
OI00197-2,O00197,P005,3,0.05,13743.5
OI00198-1,O00198,P043,3,0.0,10478.46
OI00198-2,O00198,P028,3,0.1,10436.8
OI00199-1,O00199,P022,2,0.2,2314.56
OI00200-1,O00200,P073,1,0.0,1263.86
OI00200-2,O00200,P010,2,0.15,4835.29
OI00201-1,O00201,P023,2,0.15,7650.05
OI00202-1,O00202,P012,3,0.2,5086.61
OI00203-1,O00203,P080,1,0.1,1540.88
OI00203-2,O00203,P022,2,0.0,2893.2
OI00203-3,O00203,P017,1,0.0,1820.62
OI00203-4,O00203,P030,3,0.1,10941.91
OI00204-1,O00204,P006,2,0.0,5546.52
OI00204-2,O00204,P061,1,0.05,4231.42
OI00204-3,O00204,P040,1,0.0,2939.83
OI00204-4,O00204,P038,1,0.0,3415.55
OI00205-1,O00205,P075,1,0.15,1930.03
OI00205-2,O00205,P052,2,0.05,5217.88
OI00205-3,O00205,P045,1,0.0,4831.47
OI00206-1,O00206,P007,2,0.1,1499.11
OI00206-2,O00206,P077,3,0.1,13032.25
OI00206-3,O00206,P029,3,0.0,8416.77
OI00207-1,O00207,P069,2,0.0,9382.72
OI00207-2,O00207,P034,2,0.0,8148.8
OI00208-1,O00208,P048,1,0.15,3540.86
OI00208-2,O00208,P033,3,0.05,10719.85
OI00209-1,O00209,P005,2,0.0,9644.56
OI00209-2,O00209,P024,1,0.15,3086.64
OI00210-1,O00210,P076,3,0.05,5855.58
OI00210-2,O00210,P026,3,0.05,12154.82
OI00210-3,O00210,P014,2,0.0,4728.42
OI00210-4,O00210,P016,3,0.0,8923.65
OI00211-1,O00211,P061,1,0.15,3786.01
OI00211-2,O00211,P042,2,0.05,1621.56
OI00212-1,O00212,P068,3,0.1,3858.79
OI00212-2,O00212,P004,1,0.15,934.28
OI00212-3,O00212,P008,1,0.0,4731.26
OI00213-1,O00213,P017,1,0.2,1456.5
OI00213-2,O00213,P013,3,0.0,9353.07
OI00213-3,O00213,P069,3,0.05,13370.38
OI00214-1,O00214,P070,3,0.0,6567.69
OI00214-2,O00214,P047,3,0.05,10361.74
OI00214-3,O00214,P025,2,0.0,5782.82
OI00214-4,O00214,P016,2,0.1,5354.19
OI00215-1,O00215,P077,1,0.2,3861.41
OI00215-2,O00215,P020,1,0.2,1010.29
OI00215-3,O00215,P056,3,0.2,10243.56
OI00216-1,O00216,P039,3,0.2,3801.31
OI00216-2,O00216,P041,1,0.15,2277.52
OI00216-3,O00216,P014,1,0.15,2009.58
OI00216-4,O00216,P067,3,0.15,9554.42
OI00217-1,O00217,P006,1,0.05,2634.6
OI00217-2,O00217,P030,3,0.2,9726.14
OI00218-1,O00218,P055,1,0.0,2386.43
OI00218-2,O00218,P006,1,0.15,2357.27
OI00219-1,O00219,P072,1,0.05,1470.47
OI00220-1,O00220,P060,2,0.05,7717.78
OI00220-2,O00220,P008,2,0.2,7570.02
OI00220-3,O00220,P047,2,0.15,6180.69
OI00221-1,O00221,P038,1,0.1,3074.0
OI00221-2,O00221,P034,2,0.0,8148.8
OI00221-3,O00221,P037,1,0.0,2913.72
OI00222-1,O00222,P034,2,0.05,7741.36
OI00222-2,O00222,P026,3,0.0,12794.55
OI00222-3,O00222,P043,3,0.1,9430.61
OI00223-1,O00223,P019,3,0.05,2476.11
OI00223-2,O00223,P050,3,0.2,4829.4
OI00224-1,O00224,P079,1,0.1,1592.43
OI00224-2,O00224,P045,2,0.2,7730.35
OI00224-3,O00224,P027,3,0.1,11267.83
OI00225-1,O00225,P026,1,0.0,4264.85
OI00225-2,O00225,P020,3,0.2,3030.86
OI00225-3,O00225,P065,2,0.1,7892.08
OI00225-4,O00225,P043,2,0.05,6636.36
OI00226-1,O00226,P015,2,0.1,2257.99
OI00227-1,O00227,P077,2,0.0,9653.52
OI00227-2,O00227,P021,2,0.1,1377.52
OI00227-3,O00227,P016,3,0.1,8031.29
OI00227-4,O00227,P024,2,0.05,6899.55
OI00228-1,O00228,P035,2,0.2,5291.12
OI00228-2,O00228,P048,1,0.0,4165.72
OI00228-3,O00228,P078,2,0.15,7452.8
OI00228-4,O00228,P079,1,0.1,1592.43
OI00229-1,O00229,P070,2,0.05,4159.54
OI00229-2,O00229,P074,3,0.0,13535.49
OI00230-1,O00230,P064,1,0.2,1560.48
OI00231-1,O00231,P072,2,0.2,2476.58
OI00231-2,O00231,P078,3,0.1,11836.8
OI00231-3,O00231,P067,1,0.1,3372.15
OI00231-4,O00231,P075,3,0.1,6130.67
OI00232-1,O00232,P022,1,0.1,1301.94
OI00232-2,O00232,P078,3,0.2,10521.6
OI00233-1,O00233,P024,2,0.15,6173.28
OI00234-1,O00234,P028,3,0.0,11596.44
OI00234-2,O00234,P047,1,0.2,2908.56
OI00235-1,O00235,P069,2,0.0,9382.72
OI00235-2,O00235,P017,1,0.15,1547.53
OI00236-1,O00236,P068,3,0.15,3644.41
OI00236-2,O00236,P043,1,0.0,3492.82
OI00237-1,O00237,P003,1,0.15,4198.72
OI00237-2,O00237,P052,1,0.05,2608.94
OI00237-3,O00237,P018,1,0.1,831.53
OI00237-4,O00237,P007,1,0.0,832.84
OI00238-1,O00238,P014,3,0.1,6383.37
OI00238-2,O00238,P047,1,0.0,3635.7
OI00239-1,O00239,P015,1,0.0,1254.44
OI00239-2,O00239,P076,2,0.1,3698.26
OI00239-3,O00239,P072,2,0.05,2940.93
OI00239-4,O00239,P039,1,0.0,1583.88
OI00240-1,O00240,P006,2,0.05,5269.19
OI00240-2,O00240,P076,2,0.0,4109.18
OI00240-3,O00240,P032,3,0.0,14544.36
OI00241-1,O00241,P004,1,0.1,989.24
OI00242-1,O00242,P018,3,0.0,2771.76
OI00242-2,O00242,P057,3,0.0,14488.11
OI00242-3,O00242,P001,2,0.0,9495.68
OI00243-1,O00243,P001,2,0.2,7596.54
OI00243-2,O00243,P041,1,0.2,2143.54
OI00243-3,O00243,P031,2,0.1,712.4
OI00244-1,O00244,P022,3,0.2,3471.84
OI00244-2,O00244,P002,3,0.0,7680.06
OI00244-3,O00244,P057,2,0.2,7726.99
OI00245-1,O00245,P033,2,0.1,6770.43
OI00245-2,O00245,P024,1,0.2,2905.07
OI00245-3,O00245,P020,1,0.05,1199.72
OI00245-4,O00245,P075,1,0.2,1816.5
OI00246-1,O00246,P073,1,0.2,1011.09
OI00246-2,O00246,P080,2,0.0,3424.18
OI00246-3,O00246,P048,3,0.0,12497.16
OI00246-4,O00246,P051,3,0.1,3948.02
OI00247-1,O00247,P004,1,0.0,1099.15
OI00248-1,O00248,P024,1,0.15,3086.64
OI00248-2,O00248,P069,1,0.15,3987.66
OI00248-3,O00248,P015,2,0.2,2007.1
OI00248-4,O00248,P055,2,0.15,4056.93
OI00249-1,O00249,P054,1,0.0,2687.65
OI00249-2,O00249,P016,2,0.15,5056.74
OI00249-3,O00249,P031,1,0.05,375.99
OI00249-4,O00249,P046,3,0.05,3884.46
OI00250-1,O00250,P049,1,0.05,2439.95
OI00250-2,O00250,P075,3,0.1,6130.67
OI00251-1,O00251,P063,3,0.0,4246.71
OI00251-2,O00251,P020,1,0.2,1010.29
OI00251-3,O00251,P071,2,0.0,5934.82
OI00251-4,O00251,P041,3,0.1,7234.46
OI00252-1,O00252,P035,1,0.2,2645.56
OI00252-2,O00252,P051,1,0.1,1316.01
OI00252-3,O00252,P029,3,0.1,7575.09
OI00252-4,O00252,P063,3,0.05,4034.37
OI00253-1,O00253,P021,1,0.0,765.29
OI00253-2,O00253,P029,3,0.1,7575.09
OI00253-3,O00253,P080,1,0.15,1455.28
OI00253-4,O00253,P047,1,0.15,3090.34
OI00254-1,O00254,P054,2,0.0,5375.3
OI00254-2,O00254,P058,2,0.15,6365.53
OI00255-1,O00255,P056,2,0.15,7255.85
OI00255-2,O00255,P058,1,0.15,3182.77
OI00255-3,O00255,P017,3,0.15,4642.58
OI00255-4,O00255,P040,2,0.2,4703.73
OI00256-1,O00256,P014,3,0.2,5674.1
OI00256-2,O00256,P061,1,0.05,4231.42
OI00256-3,O00256,P009,1,0.2,2474.3
OI00256-4,O00256,P032,1,0.1,4363.31
OI00257-1,O00257,P069,3,0.0,14074.08
OI00258-1,O00258,P029,1,0.2,2244.47
OI00258-2,O00258,P044,3,0.05,13352.65
OI00258-3,O00258,P026,1,0.0,4264.85
OI00259-1,O00259,P078,1,0.1,3945.6
OI00259-2,O00259,P010,3,0.2,6826.3
OI00260-1,O00260,P017,1,0.2,1456.5
OI00260-2,O00260,P024,1,0.05,3449.77
OI00260-3,O00260,P045,1,0.0,4831.47
OI00260-4,O00260,P007,3,0.05,2373.59
OI00261-1,O00261,P021,1,0.05,727.03
OI00262-1,O00262,P066,2,0.1,3099.62
OI00262-2,O00262,P021,3,0.15,1951.49
OI00262-3,O00262,P001,1,0.0,4747.84
OI00262-4,O00262,P018,2,0.0,1847.84
OI00263-1,O00263,P034,2,0.15,6926.48
OI00263-2,O00263,P065,1,0.2,3507.59
OI00263-3,O00263,P032,1,0.1,4363.31
OI00264-1,O00264,P004,1,0.1,989.24
OI00264-2,O00264,P040,3,0.0,8819.49
OI00264-3,O00264,P067,1,0.0,3746.83
OI00265-1,O00265,P001,1,0.0,4747.84
OI00266-1,O00266,P015,2,0.05,2383.44
OI00266-2,O00266,P008,3,0.05,13484.09
OI00267-1,O00267,P004,2,0.05,2088.39
OI00267-2,O00267,P024,2,0.0,7262.68
OI00267-3,O00267,P044,2,0.2,7496.22
OI00268-1,O00268,P035,2,0.2,5291.12
OI00268-2,O00268,P077,1,0.0,4826.76
OI00268-3,O00268,P080,1,0.15,1455.28
OI00268-4,O00268,P063,2,0.05,2689.58
OI00269-1,O00269,P078,3,0.0,13152.0
OI00269-2,O00269,P051,3,0.1,3948.02
OI00269-3,O00269,P029,2,0.1,5050.06
OI00269-4,O00269,P034,1,0.0,4074.4
OI00270-1,O00270,P080,2,0.0,3424.18
OI00270-2,O00270,P061,3,0.15,11358.03
OI00270-3,O00270,P029,3,0.2,6733.42
OI00270-4,O00270,P039,2,0.0,3167.76
OI00271-1,O00271,P048,2,0.0,8331.44
OI00271-2,O00271,P056,3,0.05,12164.23
OI00271-3,O00271,P032,1,0.0,4848.12
OI00272-1,O00272,P016,2,0.0,5949.1
OI00273-1,O00273,P031,1,0.05,375.99
OI00273-2,O00273,P051,2,0.05,2778.24
OI00274-1,O00274,P035,3,0.0,9920.85
OI00274-2,O00274,P055,3,0.15,6085.4
OI00274-3,O00274,P063,2,0.2,2264.91
OI00274-4,O00274,P019,2,0.15,1476.98
OI00275-1,O00275,P004,2,0.2,1758.64
OI00275-2,O00275,P075,2,0.0,4541.24
OI00275-3,O00275,P056,3,0.2,10243.56
OI00276-1,O00276,P072,1,0.2,1238.29
OI00277-1,O00277,P005,1,0.0,4822.28
OI00278-1,O00278,P063,1,0.15,1203.23
OI00278-2,O00278,P054,3,0.15,6853.51
OI00278-3,O00278,P031,1,0.2,316.62
OI00278-4,O00278,P046,3,0.0,4088.91
OI00279-1,O00279,P042,3,0.1,2304.32
OI00279-2,O00279,P069,3,0.15,11962.97
OI00279-3,O00279,P067,3,0.05,10678.47
OI00280-1,O00280,P040,2,0.05,5585.68
OI00280-2,O00280,P044,2,0.15,7964.74
OI00280-3,O00280,P074,1,0.15,3835.06
OI00281-1,O00281,P068,3,0.15,3644.41
OI00281-2,O00281,P040,3,0.2,7055.59
OI00281-3,O00281,P021,2,0.0,1530.58
OI00282-1,O00282,P016,3,0.15,7585.1
OI00282-2,O00282,P071,2,0.0,5934.82
OI00282-3,O00282,P005,2,0.1,8680.1
OI00283-1,O00283,P004,1,0.05,1044.19
OI00283-2,O00283,P010,2,0.15,4835.29
OI00283-3,O00283,P067,3,0.1,10116.44
OI00284-1,O00284,P054,2,0.0,5375.3
OI00284-2,O00284,P042,1,0.1,768.11
OI00284-3,O00284,P034,3,0.05,11612.04
OI00284-4,O00284,P027,1,0.05,3964.61
OI00285-1,O00285,P054,1,0.0,2687.65
OI00286-1,O00286,P037,3,0.1,7867.04
OI00287-1,O00287,P041,1,0.15,2277.52
OI00288-1,O00288,P072,2,0.05,2940.93
OI00289-1,O00289,P079,1,0.0,1769.37
OI00289-2,O00289,P006,2,0.2,4437.22
OI00290-1,O00290,P010,2,0.15,4835.29
OI00291-1,O00291,P036,1,0.2,3553.88
OI00291-2,O00291,P055,1,0.2,1909.14
OI00291-3,O00291,P052,1,0.0,2746.25
OI00291-4,O00291,P050,1,0.0,2012.25
OI00292-1,O00292,P061,1,0.15,3786.01
OI00293-1,O00293,P052,3,0.0,8238.75
OI00294-1,O00294,P019,3,0.05,2476.11
OI00295-1,O00295,P014,2,0.05,4492.0
OI00296-1,O00296,P015,2,0.0,2508.88
OI00296-2,O00296,P025,3,0.0,8674.23
OI00297-1,O00297,P068,1,0.0,1429.18
OI00298-1,O00298,P016,2,0.1,5354.19
OI00298-2,O00298,P060,1,0.15,3452.69
OI00299-1,O00299,P065,2,0.1,7892.08
OI00299-2,O00299,P026,1,0.15,3625.12
OI00300-1,O00300,P073,3,0.0,3791.58
OI00300-2,O00300,P021,1,0.2,612.23
OI00300-3,O00300,P077,1,0.05,4585.42
OI00300-4,O00300,P008,3,0.0,14193.78
OI00301-1,O00301,P070,3,0.1,5910.92
OI00301-2,O00301,P037,1,0.05,2768.03
OI00302-1,O00302,P078,3,0.1,11836.8
OI00302-2,O00302,P013,1,0.0,3117.69
OI00302-3,O00302,P047,3,0.05,10361.74
OI00302-4,O00302,P032,2,0.15,8241.8
OI00303-1,O00303,P008,1,0.1,4258.13
OI00304-1,O00304,P004,3,0.2,2637.96
OI00304-2,O00304,P047,2,0.15,6180.69
OI00304-3,O00304,P050,2,0.0,4024.5
OI00305-1,O00305,P013,2,0.1,5611.84
OI00305-2,O00305,P048,1,0.05,3957.43
OI00305-3,O00305,P036,3,0.0,13327.05
OI00306-1,O00306,P012,2,0.1,3814.96
OI00306-2,O00306,P006,2,0.05,5269.19
OI00306-3,O00306,P003,3,0.1,13337.11
OI00307-1,O00307,P019,2,0.1,1563.86
OI00307-2,O00307,P011,1,0.0,4452.5
OI00307-3,O00307,P040,1,0.1,2645.85
OI00307-4,O00307,P076,1,0.0,2054.59
OI00308-1,O00308,P018,1,0.0,923.92
OI00309-1,O00309,P005,1,0.2,3857.82
OI00309-2,O00309,P043,1,0.05,3318.18
OI00309-3,O00309,P074,1,0.0,4511.83
OI00309-4,O00309,P026,2,0.1,7676.73
OI00310-1,O00310,P052,2,0.1,4943.25
OI00310-2,O00310,P080,2,0.2,2739.34
OI00310-3,O00310,P021,2,0.1,1377.52
OI00311-1,O00311,P080,3,0.0,5136.27
OI00311-2,O00311,P075,1,0.0,2270.62
OI00311-3,O00311,P003,2,0.15,8397.44
OI00312-1,O00312,P013,1,0.0,3117.69
OI00312-2,O00312,P060,2,0.15,6905.38
OI00312-3,O00312,P041,3,0.0,8038.29
OI00312-4,O00312,P002,1,0.05,2432.02
OI00313-1,O00313,P013,2,0.1,5611.84
OI00314-1,O00314,P007,1,0.0,832.84
OI00315-1,O00315,P008,1,0.1,4258.13
OI00315-2,O00315,P068,3,0.0,4287.54
OI00315-3,O00315,P061,2,0.05,8462.85
OI00315-4,O00315,P078,1,0.2,3507.2
OI00316-1,O00316,P035,3,0.15,8432.72
OI00316-2,O00316,P026,3,0.15,10875.37
OI00316-3,O00316,P057,1,0.2,3863.5
OI00316-4,O00316,P047,2,0.05,6907.83
OI00317-1,O00317,P062,2,0.1,3552.89
OI00317-2,O00317,P050,2,0.2,3219.6
OI00317-3,O00317,P080,3,0.05,4879.46
OI00318-1,O00318,P074,1,0.05,4286.24
OI00318-2,O00318,P028,2,0.15,6571.32
OI00318-3,O00318,P034,2,0.0,8148.8
OI00319-1,O00319,P051,1,0.05,1389.12
OI00319-2,O00319,P021,3,0.1,2066.28
OI00319-3,O00319,P056,1,0.15,3627.93
OI00320-1,O00320,P023,2,0.1,8100.05
OI00321-1,O00321,P037,2,0.1,5244.7
OI00321-2,O00321,P049,2,0.05,4879.9
OI00322-1,O00322,P045,3,0.0,14494.41
OI00322-2,O00322,P067,3,0.2,8992.39
OI00322-3,O00322,P042,1,0.0,853.45
OI00323-1,O00323,P027,1,0.0,4173.27
OI00324-1,O00324,P060,2,0.2,6499.18
OI00325-1,O00325,P015,2,0.1,2257.99
OI00326-1,O00326,P028,1,0.05,3672.21
OI00326-2,O00326,P072,1,0.1,1393.07
OI00327-1,O00327,P071,3,0.05,8457.12
OI00327-2,O00327,P048,2,0.05,7914.87
OI00327-3,O00327,P034,2,0.2,6519.04
OI00327-4,O00327,P057,3,0.0,14488.11
OI00328-1,O00328,P059,1,0.05,1490.36
OI00328-2,O00328,P066,3,0.0,5166.03
OI00329-1,O00329,P046,3,0.0,4088.91
OI00330-1,O00330,P022,2,0.15,2459.22
OI00330-2,O00330,P065,3,0.05,12495.8
OI00330-3,O00330,P046,3,0.0,4088.91
OI00331-1,O00331,P004,2,0.05,2088.39
OI00331-2,O00331,P025,1,0.0,2891.41
OI00331-3,O00331,P006,2,0.0,5546.52
OI00331-4,O00331,P054,3,0.05,7659.8
OI00332-1,O00332,P018,3,0.1,2494.58
OI00332-2,O00332,P019,3,0.15,2215.47
OI00333-1,O00333,P017,3,0.0,5461.86
OI00333-2,O00333,P034,1,0.1,3666.96
OI00333-3,O00333,P058,1,0.0,3744.43
OI00334-1,O00334,P029,3,0.15,7154.25
OI00334-2,O00334,P062,1,0.0,1973.83
OI00334-3,O00334,P004,3,0.0,3297.45
OI00334-4,O00334,P049,2,0.1,4623.07
OI00335-1,O00335,P012,2,0.0,4238.84
OI00335-2,O00335,P025,3,0.1,7806.81
OI00335-3,O00335,P050,1,0.0,2012.25
OI00335-4,O00335,P003,1,0.15,4198.72
OI00336-1,O00336,P046,1,0.2,1090.38
OI00336-2,O00336,P011,1,0.1,4007.25
OI00336-3,O00336,P047,2,0.1,6544.26
OI00337-1,O00337,P040,3,0.0,8819.49
OI00337-2,O00337,P059,3,0.0,4706.4
OI00337-3,O00337,P065,1,0.05,4165.27
OI00338-1,O00338,P020,2,0.0,2525.72
OI00338-2,O00338,P019,3,0.0,2606.43
OI00338-3,O00338,P044,2,0.0,9370.28
OI00338-4,O00338,P073,2,0.0,2527.72
OI00339-1,O00339,P017,1,0.15,1547.53
OI00339-2,O00339,P037,2,0.0,5827.44
OI00340-1,O00340,P055,1,0.1,2147.79
OI00340-2,O00340,P072,1,0.15,1315.68
OI00341-1,O00341,P068,1,0.05,1357.72
OI00342-1,O00342,P037,1,0.2,2330.98
OI00343-1,O00343,P012,2,0.1,3814.96
OI00343-2,O00343,P055,3,0.2,5727.43
OI00343-3,O00343,P058,2,0.0,7488.86
OI00343-4,O00343,P049,1,0.05,2439.95
OI00344-1,O00344,P024,2,0.0,7262.68
OI00344-2,O00344,P073,3,0.1,3412.42
OI00345-1,O00345,P014,3,0.15,6028.74
OI00345-2,O00345,P031,2,0.0,791.56
OI00345-3,O00345,P026,1,0.0,4264.85
OI00345-4,O00345,P007,3,0.1,2248.67
OI00346-1,O00346,P040,2,0.2,4703.73
OI00346-2,O00346,P038,2,0.0,6831.1
OI00346-3,O00346,P069,3,0.0,14074.08
OI00346-4,O00346,P066,3,0.15,4391.13
OI00347-1,O00347,P029,2,0.15,4769.5
OI00347-2,O00347,P078,2,0.05,8329.6
OI00347-3,O00347,P004,2,0.0,2198.3
OI00348-1,O00348,P023,3,0.0,13500.09
OI00348-2,O00348,P041,2,0.05,5090.92
OI00348-3,O00348,P021,3,0.15,1951.49
OI00348-4,O00348,P069,2,0.0,9382.72
OI00349-1,O00349,P023,2,0.2,7200.05
OI00349-2,O00349,P012,2,0.2,3391.07
OI00350-1,O00350,P022,3,0.1,3905.82
OI00350-2,O00350,P020,2,0.15,2146.86
OI00351-1,O00351,P002,1,0.2,2048.02
OI00351-2,O00351,P045,1,0.15,4106.75
OI00352-1,O00352,P061,2,0.05,8462.85
OI00352-2,O00352,P079,1,0.0,1769.37
OI00352-3,O00352,P016,3,0.15,7585.1
OI00353-1,O00353,P061,1,0.15,3786.01
OI00353-2,O00353,P001,1,0.1,4273.06
OI00353-3,O00353,P058,2,0.0,7488.86
OI00354-1,O00354,P036,1,0.0,4442.35
OI00354-2,O00354,P043,2,0.15,5937.79
OI00355-1,O00355,P031,3,0.2,949.87
OI00355-2,O00355,P037,3,0.2,6992.93
OI00355-3,O00355,P057,2,0.2,7726.99
OI00355-4,O00355,P029,1,0.1,2525.03
OI00356-1,O00356,P060,1,0.2,3249.59
OI00356-2,O00356,P036,3,0.05,12660.7
OI00357-1,O00357,P027,2,0.15,7094.56
OI00358-1,O00358,P044,3,0.0,14055.42
OI00358-2,O00358,P001,1,0.0,4747.84
OI00359-1,O00359,P020,1,0.0,1262.86
OI00359-2,O00359,P009,2,0.2,4948.61
OI00359-3,O00359,P076,2,0.0,4109.18
OI00359-4,O00359,P045,2,0.0,9662.94
OI00360-1,O00360,P031,3,0.2,949.87
OI00360-2,O00360,P034,2,0.0,8148.8
OI00360-3,O00360,P002,1,0.0,2560.02
OI00361-1,O00361,P032,2,0.0,9696.24
OI00362-1,O00362,P075,1,0.0,2270.62
OI00362-2,O00362,P069,1,0.15,3987.66
OI00362-3,O00362,P049,3,0.0,7705.11
OI00362-4,O00362,P019,2,0.15,1476.98
OI00363-1,O00363,P026,2,0.05,8103.22
OI00363-2,O00363,P035,2,0.2,5291.12
OI00363-3,O00363,P054,1,0.15,2284.5
OI00363-4,O00363,P022,2,0.0,2893.2
OI00364-1,O00364,P019,1,0.15,738.49
OI00365-1,O00365,P058,3,0.2,8986.63
OI00365-2,O00365,P009,2,0.05,5876.47
OI00366-1,O00366,P075,1,0.1,2043.56
OI00367-1,O00367,P051,1,0.15,1242.9
OI00367-2,O00367,P008,1,0.2,3785.01
OI00367-3,O00367,P053,2,0.0,8684.56
OI00367-4,O00367,P021,3,0.0,2295.87
OI00368-1,O00368,P053,2,0.05,8250.33
OI00368-2,O00368,P058,3,0.1,10109.96
OI00369-1,O00369,P069,1,0.2,3753.09
OI00369-2,O00369,P023,1,0.1,4050.03
OI00369-3,O00369,P020,1,0.05,1199.72
OI00369-4,O00369,P003,3,0.1,13337.11
OI00370-1,O00370,P075,2,0.15,3860.05
OI00370-2,O00370,P036,1,0.05,4220.23
OI00370-3,O00370,P054,2,0.0,5375.3
OI00370-4,O00370,P024,2,0.15,6173.28
OI00371-1,O00371,P079,2,0.2,2830.99
OI00371-2,O00371,P074,2,0.0,9023.66
OI00371-3,O00371,P047,2,0.15,6180.69
OI00371-4,O00371,P080,1,0.1,1540.88
OI00372-1,O00372,P068,2,0.0,2858.36
OI00372-2,O00372,P059,1,0.1,1411.92
OI00372-3,O00372,P070,3,0.0,6567.69
OI00372-4,O00372,P073,1,0.05,1200.67
OI00373-1,O00373,P036,3,0.15,11327.99
OI00373-2,O00373,P022,1,0.2,1157.28
OI00374-1,O00374,P007,1,0.05,791.2
OI00374-2,O00374,P024,3,0.0,10894.02
OI00374-3,O00374,P058,1,0.15,3182.77
OI00375-1,O00375,P044,3,0.05,13352.65
OI00375-2,O00375,P056,2,0.0,8536.3
OI00376-1,O00376,P011,2,0.05,8459.75
OI00376-2,O00376,P057,2,0.05,9175.8
OI00377-1,O00377,P039,1,0.05,1504.69
OI00377-2,O00377,P071,3,0.0,8902.23
OI00377-3,O00377,P007,1,0.0,832.84
OI00378-1,O00378,P080,1,0.0,1712.09
OI00378-2,O00378,P074,2,0.15,7670.11
OI00378-3,O00378,P034,1,0.15,3463.24
OI00379-1,O00379,P017,2,0.1,3277.12
OI00380-1,O00380,P039,2,0.0,3167.76
OI00380-2,O00380,P066,1,0.2,1377.61
OI00380-3,O00380,P035,3,0.1,8928.76
OI00380-4,O00380,P063,2,0.0,2831.14
OI00381-1,O00381,P035,2,0.0,6613.9
OI00382-1,O00382,P017,1,0.15,1547.53
OI00382-2,O00382,P010,3,0.15,7252.94
OI00382-3,O00382,P020,1,0.0,1262.86
OI00383-1,O00383,P033,2,0.15,6394.3
OI00383-2,O00383,P028,2,0.2,6184.77
OI00383-3,O00383,P045,3,0.05,13769.69
OI00384-1,O00384,P038,3,0.0,10246.65
OI00384-2,O00384,P071,1,0.1,2670.67
OI00384-3,O00384,P077,2,0.15,8205.49
OI00384-4,O00384,P031,1,0.15,336.41
OI00385-1,O00385,P019,3,0.0,2606.43
OI00385-2,O00385,P007,2,0.15,1415.83
OI00385-3,O00385,P044,3,0.0,14055.42
OI00386-1,O00386,P005,2,0.0,9644.56
OI00386-2,O00386,P036,3,0.0,13327.05
OI00386-3,O00386,P043,1,0.2,2794.26
OI00387-1,O00387,P035,2,0.1,5952.51
OI00387-2,O00387,P065,2,0.2,7015.18
OI00387-3,O00387,P038,3,0.05,9734.32
OI00388-1,O00388,P057,2,0.2,7726.99
OI00389-1,O00389,P047,3,0.15,9271.03
OI00390-1,O00390,P076,2,0.0,4109.18
OI00390-2,O00390,P026,3,0.2,10235.64
OI00391-1,O00391,P056,1,0.05,4054.74
OI00391-2,O00391,P036,1,0.1,3998.12
OI00392-1,O00392,P063,1,0.15,1203.23
OI00393-1,O00393,P034,1,0.1,3666.96
OI00394-1,O00394,P023,1,0.1,4050.03
OI00394-2,O00394,P045,2,0.0,9662.94
OI00394-3,O00394,P055,1,0.2,1909.14
OI00395-1,O00395,P002,3,0.0,7680.06
OI00395-2,O00395,P056,1,0.15,3627.93
OI00396-1,O00396,P061,1,0.1,4008.72
OI00396-2,O00396,P070,2,0.15,3721.69
OI00396-3,O00396,P067,1,0.0,3746.83
OI00396-4,O00396,P073,2,0.2,2022.18
OI00397-1,O00397,P025,3,0.15,7373.1
OI00397-2,O00397,P014,1,0.1,2127.79
OI00397-3,O00397,P067,2,0.1,6744.29
OI00397-4,O00397,P080,3,0.15,4365.83
OI00398-1,O00398,P059,2,0.15,2666.96
OI00398-2,O00398,P034,3,0.0,12223.2
OI00398-3,O00398,P053,1,0.05,4125.17
OI00399-1,O00399,P002,3,0.0,7680.06
OI00399-2,O00399,P017,1,0.0,1820.62
OI00400-1,O00400,P041,3,0.2,6430.63
OI00401-1,O00401,P033,2,0.05,7146.56
OI00401-2,O00401,P013,2,0.0,6235.38
OI00401-3,O00401,P074,1,0.0,4511.83
OI00402-1,O00402,P041,1,0.15,2277.52
OI00402-2,O00402,P015,2,0.05,2383.44
OI00403-1,O00403,P048,3,0.0,12497.16
OI00403-2,O00403,P017,3,0.0,5461.86
OI00403-3,O00403,P071,2,0.1,5341.34
OI00403-4,O00403,P049,1,0.0,2568.37
OI00404-1,O00404,P059,1,0.15,1333.48
OI00404-2,O00404,P027,2,0.05,7929.21
OI00404-3,O00404,P065,3,0.05,12495.8
OI00405-1,O00405,P015,1,0.15,1066.27
OI00406-1,O00406,P038,1,0.0,3415.55
OI00406-2,O00406,P041,1,0.2,2143.54
OI00406-3,O00406,P073,1,0.0,1263.86
OI00407-1,O00407,P015,2,0.0,2508.88
OI00408-1,O00408,P020,2,0.15,2146.86
OI00408-2,O00408,P025,1,0.2,2313.13
OI00408-3,O00408,P066,2,0.05,3271.82
OI00408-4,O00408,P080,2,0.0,3424.18
OI00409-1,O00409,P001,1,0.2,3798.27
OI00409-2,O00409,P079,3,0.0,5308.11
OI00409-3,O00409,P044,3,0.0,14055.42
OI00409-4,O00409,P065,1,0.2,3507.59
OI00410-1,O00410,P060,1,0.15,3452.69
OI00410-2,O00410,P032,1,0.2,3878.5
OI00410-3,O00410,P024,3,0.1,9804.62
OI00410-4,O00410,P065,3,0.0,13153.47
OI00411-1,O00411,P031,3,0.2,949.87
OI00411-2,O00411,P040,3,0.15,7496.57
OI00412-1,O00412,P056,2,0.05,8109.48
OI00413-1,O00413,P064,1,0.1,1755.54
OI00413-2,O00413,P001,1,0.2,3798.27
OI00414-1,O00414,P028,2,0.2,6184.77
OI00414-2,O00414,P027,1,0.2,3338.62
OI00414-3,O00414,P077,2,0.0,9653.52
OI00415-1,O00415,P011,1,0.2,3562.0
OI00415-2,O00415,P031,2,0.15,672.83
OI00415-3,O00415,P029,1,0.15,2384.75
OI00416-1,O00416,P025,1,0.2,2313.13
OI00416-2,O00416,P042,3,0.0,2560.35
OI00416-3,O00416,P067,3,0.05,10678.47
OI00416-4,O00416,P040,3,0.0,8819.49
OI00417-1,O00417,P077,1,0.0,4826.76
OI00417-2,O00417,P057,2,0.0,9658.74
OI00417-3,O00417,P033,2,0.1,6770.43
OI00418-1,O00418,P047,3,0.15,9271.03
OI00418-2,O00418,P073,3,0.0,3791.58
OI00419-1,O00419,P030,1,0.1,3647.3
OI00420-1,O00420,P079,2,0.2,2830.99
OI00421-1,O00421,P065,2,0.0,8768.98
OI00422-1,O00422,P031,1,0.0,395.78
OI00422-2,O00422,P039,2,0.05,3009.37
OI00422-3,O00422,P067,1,0.05,3559.49
OI00423-1,O00423,P018,3,0.2,2217.41
OI00424-1,O00424,P073,3,0.2,3033.26
OI00425-1,O00425,P059,2,0.15,2666.96
OI00425-2,O00425,P053,3,0.0,13026.84
OI00425-3,O00425,P034,3,0.0,12223.2
OI00426-1,O00426,P059,3,0.0,4706.4
OI00427-1,O00427,P029,3,0.15,7154.25
OI00427-2,O00427,P064,2,0.2,3120.96
OI00428-1,O00428,P076,2,0.1,3698.26
OI00429-1,O00429,P059,1,0.0,1568.8
OI00429-2,O00429,P009,3,0.0,9278.64
OI00429-3,O00429,P045,1,0.0,4831.47
OI00430-1,O00430,P043,1,0.0,3492.82
OI00431-1,O00431,P055,1,0.0,2386.43
OI00431-2,O00431,P040,2,0.1,5291.69
OI00432-1,O00432,P049,1,0.15,2183.11
OI00432-2,O00432,P025,2,0.05,5493.68
OI00433-1,O00433,P077,2,0.0,9653.52
OI00434-1,O00434,P036,1,0.0,4442.35
OI00434-2,O00434,P057,3,0.0,14488.11
OI00434-3,O00434,P055,1,0.2,1909.14
OI00435-1,O00435,P051,1,0.15,1242.9
OI00435-2,O00435,P047,2,0.15,6180.69
OI00435-3,O00435,P048,3,0.15,10622.59
OI00435-4,O00435,P032,1,0.2,3878.5
OI00436-1,O00436,P078,2,0.05,8329.6
OI00437-1,O00437,P021,2,0.1,1377.52
OI00437-2,O00437,P010,1,0.15,2417.65
OI00438-1,O00438,P001,3,0.0,14243.52
OI00438-2,O00438,P061,2,0.2,7126.61
OI00438-3,O00438,P053,1,0.0,4342.28
OI00439-1,O00439,P053,3,0.1,11724.16
OI00440-1,O00440,P038,2,0.0,6831.1
OI00440-2,O00440,P065,1,0.1,3946.04
OI00440-3,O00440,P003,2,0.05,9385.37
OI00441-1,O00441,P033,1,0.1,3385.22
OI00441-2,O00441,P009,2,0.2,4948.61
OI00441-3,O00441,P002,1,0.0,2560.02
OI00442-1,O00442,P025,3,0.05,8240.52
OI00442-2,O00442,P070,1,0.0,2189.23
OI00443-1,O00443,P033,3,0.0,11284.05
OI00443-2,O00443,P073,2,0.1,2274.95
OI00444-1,O00444,P029,1,0.0,2805.59
OI00444-2,O00444,P043,2,0.2,5588.51
OI00444-3,O00444,P022,2,0.1,2603.88
OI00445-1,O00445,P052,1,0.2,2197.0
OI00445-2,O00445,P065,1,0.2,3507.59
OI00445-3,O00445,P056,1,0.1,3841.33
OI00446-1,O00446,P047,2,0.0,7271.4
OI00446-2,O00446,P002,3,0.05,7296.06
OI00446-3,O00446,P015,1,0.05,1191.72
OI00446-4,O00446,P029,1,0.2,2244.47
OI00447-1,O00447,P031,3,0.0,1187.34
OI00448-1,O00448,P059,1,0.2,1255.04
OI00449-1,O00449,P041,1,0.1,2411.49
OI00449-2,O00449,P021,3,0.0,2295.87
OI00449-3,O00449,P077,3,0.2,11584.22
OI00450-1,O00450,P077,1,0.0,4826.76
OI00450-2,O00450,P069,3,0.0,14074.08
OI00450-3,O00450,P076,1,0.0,2054.59
OI00450-4,O00450,P032,3,0.2,11635.49
OI00451-1,O00451,P068,3,0.1,3858.79
OI00452-1,O00452,P064,1,0.0,1950.6
OI00452-2,O00452,P006,3,0.05,7903.79
OI00452-3,O00452,P051,2,0.0,2924.46
OI00453-1,O00453,P058,1,0.0,3744.43
OI00454-1,O00454,P038,1,0.05,3244.77
OI00455-1,O00455,P072,3,0.15,3947.04
OI00455-2,O00455,P041,2,0.0,5358.86
OI00455-3,O00455,P051,3,0.2,3509.35
OI00455-4,O00455,P049,3,0.05,7319.85
OI00456-1,O00456,P065,2,0.0,8768.98
OI00456-2,O00456,P078,2,0.15,7452.8
OI00456-3,O00456,P019,2,0.2,1390.1
OI00456-4,O00456,P071,3,0.05,8457.12
OI00457-1,O00457,P049,2,0.15,4366.23
OI00458-1,O00458,P040,1,0.1,2645.85
OI00458-2,O00458,P068,3,0.15,3644.41
OI00458-3,O00458,P036,2,0.2,7107.76
OI00458-4,O00458,P037,1,0.05,2768.03
OI00459-1,O00459,P029,2,0.0,5611.18
OI00459-2,O00459,P031,1,0.2,316.62
OI00459-3,O00459,P014,2,0.0,4728.42
OI00459-4,O00459,P028,1,0.0,3865.48
OI00460-1,O00460,P067,3,0.2,8992.39
OI00460-2,O00460,P017,2,0.1,3277.12
OI00460-3,O00460,P074,1,0.2,3609.46
OI00461-1,O00461,P008,3,0.2,11355.02
OI00461-2,O00461,P080,3,0.0,5136.27
OI00462-1,O00462,P043,1,0.2,2794.26
OI00462-2,O00462,P078,3,0.0,13152.0
OI00463-1,O00463,P012,3,0.2,5086.61
OI00463-2,O00463,P021,1,0.0,765.29
OI00464-1,O00464,P063,3,0.1,3822.04
OI00465-1,O00465,P046,3,0.2,3271.13
OI00465-2,O00465,P074,1,0.05,4286.24
OI00466-1,O00466,P035,1,0.0,3306.95
OI00467-1,O00467,P048,3,0.0,12497.16
OI00467-2,O00467,P031,2,0.05,751.98
OI00468-1,O00468,P030,2,0.15,6889.35
OI00468-2,O00468,P079,3,0.2,4246.49
OI00468-3,O00468,P041,1,0.2,2143.54
OI00468-4,O00468,P044,2,0.1,8433.25
OI00469-1,O00469,P048,2,0.15,7081.72
OI00470-1,O00470,P075,2,0.2,3632.99
OI00470-2,O00470,P070,2,0.05,4159.54
OI00471-1,O00471,P061,3,0.0,13362.39
OI00471-2,O00471,P027,2,0.2,6677.23
OI00471-3,O00471,P070,3,0.1,5910.92
OI00471-4,O00471,P014,1,0.15,2009.58
OI00472-1,O00472,P077,3,0.1,13032.25
OI00473-1,O00473,P074,1,0.0,4511.83
OI00474-1,O00474,P039,1,0.0,1583.88
OI00474-2,O00474,P077,2,0.15,8205.49
OI00474-3,O00474,P032,1,0.0,4848.12
OI00475-1,O00475,P013,3,0.0,9353.07
OI00475-2,O00475,P006,1,0.2,2218.61
OI00476-1,O00476,P014,2,0.0,4728.42
OI00476-2,O00476,P060,1,0.2,3249.59
OI00477-1,O00477,P026,1,0.2,3411.88
OI00477-2,O00477,P034,1,0.0,4074.4
OI00477-3,O00477,P060,1,0.0,4061.99
OI00478-1,O00478,P023,1,0.0,4500.03
OI00479-1,O00479,P052,2,0.15,4668.62
OI00479-2,O00479,P021,1,0.0,765.29
OI00479-3,O00479,P026,3,0.05,12154.82
OI00480-1,O00480,P072,1,0.15,1315.68
OI00480-2,O00480,P074,1,0.2,3609.46
OI00480-3,O00480,P007,2,0.05,1582.4
OI00481-1,O00481,P078,1,0.0,4384.0
OI00481-2,O00481,P065,2,0.2,7015.18
OI00482-1,O00482,P017,2,0.0,3641.24
OI00482-2,O00482,P024,1,0.0,3631.34
OI00482-3,O00482,P059,3,0.1,4235.76
OI00483-1,O00483,P025,2,0.15,4915.4
OI00483-2,O00483,P028,3,0.15,9856.97
OI00483-3,O00483,P042,1,0.0,853.45
OI00483-4,O00483,P037,3,0.15,7429.99
OI00484-1,O00484,P019,3,0.05,2476.11
OI00484-2,O00484,P046,3,0.0,4088.91
OI00484-3,O00484,P057,3,0.15,12314.89
OI00485-1,O00485,P077,2,0.2,7722.82
OI00486-1,O00486,P001,3,0.2,11394.82
OI00486-2,O00486,P042,2,0.15,1450.87
OI00486-3,O00486,P018,3,0.0,2771.76
OI00486-4,O00486,P045,3,0.15,12320.25
OI00487-1,O00487,P042,2,0.1,1536.21
OI00487-2,O00487,P028,2,0.1,6957.86
OI00487-3,O00487,P058,3,0.15,9548.3
OI00487-4,O00487,P023,1,0.1,4050.03
OI00488-1,O00488,P021,2,0.15,1300.99
OI00488-2,O00488,P049,1,0.0,2568.37
OI00489-1,O00489,P008,1,0.05,4494.7
OI00489-2,O00489,P040,1,0.0,2939.83
OI00489-3,O00489,P059,2,0.05,2980.72
OI00489-4,O00489,P043,2,0.0,6985.64
OI00490-1,O00490,P076,2,0.2,3287.34
OI00490-2,O00490,P005,3,0.2,11573.47
OI00490-3,O00490,P009,2,0.0,6185.76
OI00491-1,O00491,P058,2,0.0,7488.86
OI00491-2,O00491,P045,2,0.1,8696.65
OI00491-3,O00491,P018,3,0.0,2771.76
OI00491-4,O00491,P071,1,0.0,2967.41
OI00492-1,O00492,P002,3,0.1,6912.05
OI00492-2,O00492,P020,1,0.0,1262.86
OI00492-3,O00492,P023,3,0.1,12150.08
OI00493-1,O00493,P059,1,0.0,1568.8
OI00494-1,O00494,P045,1,0.0,4831.47
OI00494-2,O00494,P021,2,0.0,1530.58
OI00494-3,O00494,P078,1,0.1,3945.6
OI00495-1,O00495,P036,1,0.0,4442.35
OI00495-2,O00495,P060,2,0.0,8123.98
OI00495-3,O00495,P073,1,0.15,1074.28
OI00496-1,O00496,P045,2,0.05,9179.79
OI00496-2,O00496,P037,1,0.0,2913.72
OI00496-3,O00496,P008,1,0.05,4494.7
OI00497-1,O00497,P037,1,0.15,2476.66
OI00497-2,O00497,P041,3,0.2,6430.63
OI00498-1,O00498,P030,3,0.15,10334.03
OI00498-2,O00498,P053,2,0.05,8250.33
OI00498-3,O00498,P042,3,0.2,2048.28
OI00498-4,O00498,P029,1,0.0,2805.59
OI00499-1,O00499,P048,1,0.0,4165.72
OI00499-2,O00499,P068,3,0.0,4287.54
OI00499-3,O00499,P028,1,0.15,3285.66
OI00500-1,O00500,P068,2,0.0,2858.36
OI00500-2,O00500,P053,1,0.2,3473.82
OI00501-1,O00501,P063,3,0.05,4034.37
OI00501-2,O00501,P074,3,0.05,12858.72
OI00501-3,O00501,P072,3,0.2,3714.86
OI00501-4,O00501,P058,3,0.15,9548.3
OI00502-1,O00502,P080,1,0.2,1369.67
OI00502-2,O00502,P016,2,0.0,5949.1
OI00502-3,O00502,P057,3,0.0,14488.11
OI00502-4,O00502,P029,2,0.1,5050.06
OI00503-1,O00503,P039,1,0.05,1504.69
OI00503-2,O00503,P078,3,0.0,13152.0
OI00503-3,O00503,P030,1,0.15,3444.68
OI00503-4,O00503,P009,2,0.1,5567.18
OI00504-1,O00504,P007,1,0.0,832.84
OI00504-2,O00504,P035,2,0.0,6613.9
OI00504-3,O00504,P026,3,0.2,10235.64
OI00505-1,O00505,P016,2,0.0,5949.1
OI00506-1,O00506,P049,1,0.1,2311.53
OI00507-1,O00507,P057,1,0.15,4104.96
OI00507-2,O00507,P043,3,0.0,10478.46
OI00507-3,O00507,P051,2,0.05,2778.24
OI00508-1,O00508,P043,2,0.0,6985.64
OI00508-2,O00508,P077,1,0.1,4344.08
OI00509-1,O00509,P077,1,0.0,4826.76
OI00510-1,O00510,P073,2,0.1,2274.95
OI00510-2,O00510,P051,2,0.0,2924.46
OI00510-3,O00510,P004,2,0.1,1978.47
OI00511-1,O00511,P055,1,0.1,2147.79
OI00511-2,O00511,P033,3,0.1,10155.65
OI00511-3,O00511,P026,3,0.05,12154.82
OI00511-4,O00511,P061,3,0.1,12026.15
OI00512-1,O00512,P018,2,0.05,1755.45
OI00512-2,O00512,P009,2,0.15,5257.9
OI00513-1,O00513,P010,3,0.1,7679.58
OI00514-1,O00514,P022,3,0.2,3471.84
OI00515-1,O00515,P022,2,0.05,2748.54
OI00515-2,O00515,P016,3,0.05,8477.47
OI00515-3,O00515,P035,1,0.0,3306.95
OI00515-4,O00515,P078,3,0.05,12494.4
OI00516-1,O00516,P001,1,0.0,4747.84
OI00516-2,O00516,P046,2,0.1,2453.35
OI00516-3,O00516,P056,1,0.0,4268.15
OI00516-4,O00516,P050,3,0.1,5433.07
OI00517-1,O00517,P071,3,0.15,7566.9
OI00517-2,O00517,P075,3,0.0,6811.86
OI00517-3,O00517,P015,2,0.2,2007.1
OI00518-1,O00518,P025,2,0.1,5204.54
OI00518-2,O00518,P051,3,0.2,3509.35
OI00519-1,O00519,P026,3,0.05,12154.82
OI00519-2,O00519,P003,2,0.05,9385.37
OI00519-3,O00519,P012,3,0.05,6040.35
OI00520-1,O00520,P060,3,0.05,11576.67
OI00520-2,O00520,P044,2,0.1,8433.25
OI00520-3,O00520,P024,3,0.1,9804.62
OI00520-4,O00520,P043,1,0.0,3492.82
OI00521-1,O00521,P027,1,0.2,3338.62
OI00521-2,O00521,P058,3,0.2,8986.63
OI00521-3,O00521,P038,2,0.0,6831.1
OI00522-1,O00522,P018,3,0.15,2356.0
OI00522-2,O00522,P080,3,0.05,4879.46
OI00522-3,O00522,P001,2,0.15,8071.33
OI00523-1,O00523,P059,1,0.0,1568.8
OI00523-2,O00523,P029,3,0.1,7575.09
OI00523-3,O00523,P039,1,0.1,1425.49
OI00523-4,O00523,P057,3,0.05,13763.7
OI00524-1,O00524,P076,2,0.05,3903.72
OI00524-2,O00524,P074,3,0.0,13535.49
OI00524-3,O00524,P039,1,0.0,1583.88
OI00524-4,O00524,P075,3,0.15,5790.08
OI00525-1,O00525,P032,2,0.2,7756.99
OI00525-2,O00525,P056,1,0.2,3414.52
OI00526-1,O00526,P029,3,0.0,8416.77
OI00526-2,O00526,P022,3,0.2,3471.84
OI00526-3,O00526,P001,2,0.0,9495.68
OI00526-4,O00526,P035,1,0.0,3306.95
OI00527-1,O00527,P065,2,0.05,8330.53
OI00527-2,O00527,P046,1,0.0,1362.97
OI00527-3,O00527,P033,3,0.15,9591.44
OI00527-4,O00527,P005,3,0.1,13020.16
OI00528-1,O00528,P048,2,0.2,6665.15
OI00529-1,O00529,P064,1,0.15,1658.01
OI00529-2,O00529,P019,2,0.0,1737.62
OI00529-3,O00529,P072,1,0.05,1470.47
OI00530-1,O00530,P037,3,0.2,6992.93
OI00530-2,O00530,P003,1,0.0,4939.67
OI00531-1,O00531,P047,3,0.2,8725.68
OI00531-2,O00531,P027,3,0.05,11893.82
OI00531-3,O00531,P076,2,0.0,4109.18
OI00532-1,O00532,P028,3,0.15,9856.97
OI00532-2,O00532,P005,3,0.1,13020.16
OI00532-3,O00532,P060,2,0.2,6499.18
OI00533-1,O00533,P076,3,0.15,5239.2
OI00533-2,O00533,P004,3,0.0,3297.45
OI00534-1,O00534,P010,2,0.2,4550.86
OI00534-2,O00534,P047,2,0.0,7271.4
OI00535-1,O00535,P020,3,0.0,3788.58
OI00536-1,O00536,P010,2,0.15,4835.29
OI00536-2,O00536,P068,2,0.1,2572.52
OI00536-3,O00536,P039,3,0.15,4038.89
OI00536-4,O00536,P064,3,0.15,4974.03
OI00537-1,O00537,P042,2,0.1,1536.21
OI00538-1,O00538,P015,3,0.05,3575.15
OI00538-2,O00538,P010,1,0.0,2844.29
OI00538-3,O00538,P026,3,0.15,10875.37
OI00538-4,O00538,P051,3,0.15,3728.69
OI00539-1,O00539,P069,3,0.05,13370.38
OI00539-2,O00539,P011,3,0.1,12021.75
OI00540-1,O00540,P036,2,0.05,8440.47
OI00540-2,O00540,P047,2,0.0,7271.4
OI00540-3,O00540,P080,1,0.2,1369.67
OI00540-4,O00540,P005,1,0.05,4581.17
OI00541-1,O00541,P015,2,0.1,2257.99
OI00541-2,O00541,P039,2,0.0,3167.76
OI00541-3,O00541,P009,2,0.05,5876.47
OI00542-1,O00542,P008,3,0.05,13484.09
OI00542-2,O00542,P012,3,0.0,6358.26
OI00542-3,O00542,P073,3,0.15,3222.84
OI00543-1,O00543,P028,2,0.2,6184.77
OI00544-1,O00544,P072,2,0.1,2786.15
OI00544-2,O00544,P021,2,0.0,1530.58
OI00545-1,O00545,P020,3,0.05,3599.15
OI00545-2,O00545,P072,1,0.15,1315.68
OI00545-3,O00545,P032,1,0.0,4848.12
OI00545-4,O00545,P018,1,0.05,877.72
OI00546-1,O00546,P007,2,0.05,1582.4
OI00546-2,O00546,P049,3,0.2,6164.09
OI00547-1,O00547,P054,3,0.0,8062.95
OI00547-2,O00547,P013,1,0.15,2650.04
OI00548-1,O00548,P019,1,0.05,825.37
OI00548-2,O00548,P009,3,0.1,8350.78
OI00549-1,O00549,P019,3,0.1,2345.79
OI00549-2,O00549,P054,1,0.0,2687.65
OI00550-1,O00550,P017,2,0.1,3277.12
OI00551-1,O00551,P029,1,0.1,2525.03
OI00552-1,O00552,P022,1,0.2,1157.28
OI00552-2,O00552,P004,2,0.0,2198.3
OI00553-1,O00553,P049,2,0.05,4879.9
OI00553-2,O00553,P031,3,0.15,1009.24
OI00554-1,O00554,P003,1,0.05,4692.69
OI00554-2,O00554,P039,3,0.0,4751.64
OI00555-1,O00555,P012,3,0.1,5722.43
OI00556-1,O00556,P057,1,0.2,3863.5
OI00557-1,O00557,P054,2,0.0,5375.3
OI00557-2,O00557,P005,3,0.05,13743.5
OI00557-3,O00557,P049,2,0.2,4109.39
OI00557-4,O00557,P043,3,0.0,10478.46
OI00558-1,O00558,P070,3,0.1,5910.92
OI00559-1,O00559,P072,1,0.2,1238.29
OI00559-2,O00559,P019,2,0.15,1476.98
OI00559-3,O00559,P074,3,0.1,12181.94
OI00559-4,O00559,P023,3,0.15,11475.08
OI00560-1,O00560,P004,2,0.1,1978.47
OI00561-1,O00561,P064,1,0.1,1755.54
OI00561-2,O00561,P045,2,0.2,7730.35
OI00561-3,O00561,P080,2,0.1,3081.76
OI00561-4,O00561,P066,3,0.0,5166.03
OI00562-1,O00562,P078,1,0.2,3507.2
OI00563-1,O00563,P068,2,0.2,2286.69
OI00563-2,O00563,P023,2,0.15,7650.05
OI00564-1,O00564,P028,2,0.15,6571.32
OI00565-1,O00565,P020,3,0.1,3409.72
OI00566-1,O00566,P058,3,0.2,8986.63
OI00566-2,O00566,P008,3,0.0,14193.78
OI00566-3,O00566,P053,1,0.0,4342.28
OI00566-4,O00566,P044,3,0.05,13352.65
OI00567-1,O00567,P005,3,0.1,13020.16
OI00567-2,O00567,P031,1,0.0,395.78
OI00568-1,O00568,P059,2,0.1,2823.84
OI00568-2,O00568,P046,3,0.2,3271.13
OI00568-3,O00568,P073,3,0.05,3602.0
OI00569-1,O00569,P028,3,0.0,11596.44
OI00569-2,O00569,P070,3,0.0,6567.69
OI00569-3,O00569,P006,1,0.2,2218.61
OI00569-4,O00569,P061,1,0.0,4454.13
OI00570-1,O00570,P007,1,0.1,749.56
OI00570-2,O00570,P010,1,0.0,2844.29
OI00570-3,O00570,P062,1,0.1,1776.45
OI00570-4,O00570,P071,3,0.0,8902.23
OI00571-1,O00571,P061,2,0.1,8017.43
OI00571-2,O00571,P039,1,0.0,1583.88
OI00572-1,O00572,P044,3,0.15,11947.11
OI00572-2,O00572,P077,1,0.15,4102.75
OI00572-3,O00572,P036,1,0.2,3553.88
OI00573-1,O00573,P037,1,0.05,2768.03
OI00573-2,O00573,P070,3,0.1,5910.92
OI00573-3,O00573,P024,1,0.0,3631.34
OI00574-1,O00574,P011,2,0.05,8459.75
OI00574-2,O00574,P025,2,0.2,4626.26
OI00574-3,O00574,P079,1,0.05,1680.9
OI00575-1,O00575,P048,1,0.15,3540.86
OI00575-2,O00575,P068,1,0.0,1429.18
OI00575-3,O00575,P027,2,0.15,7094.56
OI00575-4,O00575,P043,2,0.0,6985.64
OI00576-1,O00576,P011,3,0.0,13357.5
OI00577-1,O00577,P004,3,0.15,2802.83
OI00578-1,O00578,P064,2,0.15,3316.02
OI00578-2,O00578,P052,3,0.2,6591.0
OI00578-3,O00578,P036,2,0.0,8884.7
OI00579-1,O00579,P022,3,0.2,3471.84
OI00579-2,O00579,P036,2,0.2,7107.76
OI00580-1,O00580,P041,2,0.15,4555.03
OI00581-1,O00581,P009,3,0.0,9278.64
OI00582-1,O00582,P052,1,0.2,2197.0
OI00582-2,O00582,P076,2,0.15,3492.8
OI00582-3,O00582,P065,2,0.2,7015.18
OI00583-1,O00583,P027,3,0.2,10015.85
OI00584-1,O00584,P054,1,0.05,2553.27
OI00584-2,O00584,P012,2,0.0,4238.84
OI00585-1,O00585,P011,2,0.0,8905.0
OI00585-2,O00585,P059,3,0.05,4471.08
OI00586-1,O00586,P021,2,0.15,1300.99
OI00587-1,O00587,P057,2,0.05,9175.8
OI00587-2,O00587,P075,2,0.1,4087.12
OI00587-3,O00587,P051,1,0.05,1389.12
OI00587-4,O00587,P064,3,0.1,5266.62
OI00588-1,O00588,P032,2,0.2,7756.99
OI00588-2,O00588,P005,2,0.15,8197.88
OI00588-3,O00588,P061,1,0.15,3786.01
OI00588-4,O00588,P031,1,0.0,395.78
OI00589-1,O00589,P065,1,0.0,4384.49
OI00589-2,O00589,P072,2,0.05,2940.93
OI00590-1,O00590,P005,2,0.2,7715.65
OI00591-1,O00591,P078,2,0.15,7452.8
OI00591-2,O00591,P062,2,0.0,3947.66
OI00591-3,O00591,P017,1,0.0,1820.62
OI00591-4,O00591,P048,1,0.15,3540.86
OI00592-1,O00592,P037,2,0.2,4661.95
OI00593-1,O00593,P063,1,0.05,1344.79
OI00593-2,O00593,P032,2,0.1,8726.62
OI00594-1,O00594,P059,2,0.15,2666.96
OI00595-1,O00595,P057,2,0.2,7726.99
OI00595-2,O00595,P044,2,0.1,8433.25
OI00596-1,O00596,P033,3,0.0,11284.05
OI00597-1,O00597,P001,1,0.0,4747.84
OI00597-2,O00597,P023,3,0.1,12150.08
OI00597-3,O00597,P008,3,0.1,12774.4
OI00597-4,O00597,P049,1,0.1,2311.53
OI00598-1,O00598,P031,1,0.2,316.62
OI00598-2,O00598,P021,1,0.0,765.29
OI00598-3,O00598,P008,3,0.05,13484.09
OI00599-1,O00599,P075,3,0.0,6811.86
OI00600-1,O00600,P015,2,0.2,2007.1
OI00600-2,O00600,P011,2,0.2,7124.0
OI00600-3,O00600,P032,3,0.1,13089.92
OI00600-4,O00600,P030,1,0.0,4052.56
OI00601-1,O00601,P036,2,0.0,8884.7
OI00602-1,O00602,P022,2,0.15,2459.22
OI00602-2,O00602,P054,3,0.1,7256.66
OI00602-3,O00602,P059,1,0.2,1255.04
OI00602-4,O00602,P020,1,0.05,1199.72
OI00603-1,O00603,P030,2,0.2,6484.1
OI00603-2,O00603,P079,1,0.1,1592.43
OI00603-3,O00603,P018,3,0.15,2356.0
OI00603-4,O00603,P012,2,0.15,3603.01
OI00604-1,O00604,P013,1,0.1,2805.92
OI00604-2,O00604,P006,2,0.15,4714.54
OI00604-3,O00604,P028,1,0.15,3285.66
OI00604-4,O00604,P042,1,0.05,810.78
OI00605-1,O00605,P079,3,0.05,5042.7
OI00605-2,O00605,P010,3,0.0,8532.87
OI00605-3,O00605,P055,3,0.0,7159.29
OI00605-4,O00605,P047,3,0.15,9271.03
OI00606-1,O00606,P038,3,0.0,10246.65
OI00607-1,O00607,P062,3,0.2,4737.19
OI00607-2,O00607,P035,1,0.2,2645.56
OI00607-3,O00607,P011,2,0.15,7569.25
OI00607-4,O00607,P068,3,0.0,4287.54
OI00608-1,O00608,P010,3,0.15,7252.94
OI00609-1,O00609,P019,1,0.15,738.49
OI00609-2,O00609,P028,2,0.15,6571.32
OI00609-3,O00609,P007,1,0.05,791.2
OI00609-4,O00609,P073,1,0.15,1074.28
OI00610-1,O00610,P049,3,0.05,7319.85
OI00610-2,O00610,P076,3,0.0,6163.77
OI00610-3,O00610,P031,3,0.05,1127.97
OI00611-1,O00611,P027,3,0.2,10015.85
OI00611-2,O00611,P041,2,0.2,4287.09
OI00611-3,O00611,P040,3,0.0,8819.49
OI00611-4,O00611,P053,1,0.2,3473.82
OI00612-1,O00612,P040,2,0.2,4703.73
OI00613-1,O00613,P002,2,0.0,5120.04
OI00614-1,O00614,P062,1,0.1,1776.45
OI00614-2,O00614,P075,2,0.05,4314.18
OI00615-1,O00615,P079,1,0.2,1415.5
OI00616-1,O00616,P001,2,0.2,7596.54
OI00616-2,O00616,P051,2,0.05,2778.24
OI00616-3,O00616,P047,1,0.0,3635.7
OI00616-4,O00616,P013,3,0.2,7482.46
OI00617-1,O00617,P022,1,0.2,1157.28
OI00617-2,O00617,P074,3,0.0,13535.49
OI00617-3,O00617,P027,1,0.2,3338.62
OI00618-1,O00618,P004,2,0.0,2198.3
OI00619-1,O00619,P036,1,0.15,3776.0
OI00619-2,O00619,P048,2,0.15,7081.72
OI00619-3,O00619,P074,3,0.15,11505.17
OI00619-4,O00619,P034,3,0.0,12223.2
OI00620-1,O00620,P072,3,0.05,4411.4
OI00620-2,O00620,P075,1,0.05,2157.09
OI00621-1,O00621,P026,3,0.0,12794.55
OI00621-2,O00621,P008,3,0.05,13484.09
OI00621-3,O00621,P068,3,0.0,4287.54
OI00621-4,O00621,P021,3,0.2,1836.7
OI00622-1,O00622,P058,1,0.1,3369.99
OI00623-1,O00623,P073,3,0.0,3791.58
OI00623-2,O00623,P048,2,0.2,6665.15
OI00623-3,O00623,P062,3,0.0,5921.49
OI00624-1,O00624,P005,1,0.1,4340.05
OI00624-2,O00624,P028,2,0.2,6184.77
OI00625-1,O00625,P017,2,0.15,3095.05
OI00626-1,O00626,P024,2,0.05,6899.55
OI00626-2,O00626,P026,1,0.1,3838.37
OI00627-1,O00627,P026,1,0.1,3838.37
OI00627-2,O00627,P049,1,0.1,2311.53
OI00628-1,O00628,P033,3,0.1,10155.65
OI00628-2,O00628,P075,3,0.0,6811.86
OI00628-3,O00628,P074,1,0.1,4060.65
OI00629-1,O00629,P044,2,0.0,9370.28
OI00629-2,O00629,P079,1,0.2,1415.5
OI00629-3,O00629,P021,3,0.0,2295.87
OI00630-1,O00630,P057,3,0.15,12314.89
OI00630-2,O00630,P038,3,0.15,8709.65
OI00630-3,O00630,P004,3,0.0,3297.45
OI00631-1,O00631,P044,1,0.2,3748.11
OI00632-1,O00632,P057,1,0.05,4587.9
OI00632-2,O00632,P025,1,0.15,2457.7
OI00633-1,O00633,P008,3,0.1,12774.4
OI00633-2,O00633,P042,2,0.15,1450.87
OI00633-3,O00633,P069,3,0.15,11962.97
OI00633-4,O00633,P055,1,0.05,2267.11
OI00634-1,O00634,P040,2,0.15,4997.71
OI00634-2,O00634,P052,3,0.15,7002.94
OI00634-3,O00634,P063,3,0.0,4246.71
OI00635-1,O00635,P044,2,0.0,9370.28
OI00636-1,O00636,P067,3,0.1,10116.44
OI00637-1,O00637,P048,2,0.0,8331.44
OI00638-1,O00638,P008,1,0.2,3785.01
OI00638-2,O00638,P023,1,0.2,3600.02
OI00638-3,O00638,P042,3,0.0,2560.35
OI00639-1,O00639,P018,3,0.05,2633.17
OI00639-2,O00639,P060,1,0.0,4061.99
OI00640-1,O00640,P035,2,0.15,5621.81
OI00641-1,O00641,P015,3,0.0,3763.32
OI00642-1,O00642,P030,1,0.1,3647.3
OI00642-2,O00642,P041,2,0.1,4822.97
OI00642-3,O00642,P007,3,0.2,1998.82
OI00642-4,O00642,P054,3,0.2,6450.36
OI00643-1,O00643,P030,3,0.15,10334.03
OI00643-2,O00643,P070,3,0.15,5582.54
OI00643-3,O00643,P036,1,0.0,4442.35
OI00643-4,O00643,P074,2,0.05,8572.48
OI00644-1,O00644,P006,1,0.1,2495.93
OI00644-2,O00644,P033,2,0.2,6018.16
OI00645-1,O00645,P061,2,0.1,8017.43
OI00645-2,O00645,P007,3,0.1,2248.67
OI00646-1,O00646,P019,2,0.0,1737.62
OI00646-2,O00646,P054,3,0.0,8062.95
OI00646-3,O00646,P018,3,0.2,2217.41
OI00646-4,O00646,P032,3,0.0,14544.36
OI00647-1,O00647,P033,3,0.15,9591.44
OI00648-1,O00648,P044,3,0.15,11947.11
OI00648-2,O00648,P016,3,0.2,7138.92
OI00648-3,O00648,P027,1,0.1,3755.94
OI00648-4,O00648,P042,2,0.2,1365.52
OI00649-1,O00649,P045,3,0.2,11595.53
OI00649-2,O00649,P064,2,0.0,3901.2
OI00650-1,O00650,P061,1,0.0,4454.13
OI00651-1,O00651,P033,3,0.2,9027.24
OI00651-2,O00651,P026,2,0.05,8103.22
OI00652-1,O00652,P052,2,0.2,4394.0
OI00652-2,O00652,P055,1,0.0,2386.43
OI00652-3,O00652,P032,1,0.2,3878.5
OI00652-4,O00652,P033,3,0.2,9027.24
OI00653-1,O00653,P059,2,0.05,2980.72
OI00653-2,O00653,P034,2,0.1,7333.92
OI00653-3,O00653,P004,3,0.0,3297.45
OI00654-1,O00654,P018,1,0.2,739.14
OI00654-2,O00654,P068,3,0.2,3430.03
OI00655-1,O00655,P037,1,0.05,2768.03
OI00655-2,O00655,P060,2,0.0,8123.98
OI00655-3,O00655,P016,2,0.1,5354.19
OI00656-1,O00656,P073,3,0.2,3033.26
OI00656-2,O00656,P076,1,0.2,1643.67
OI00657-1,O00657,P063,3,0.05,4034.37
OI00657-2,O00657,P050,3,0.05,5734.91
OI00657-3,O00657,P009,2,0.05,5876.47
OI00658-1,O00658,P002,3,0.0,7680.06
OI00659-1,O00659,P022,3,0.0,4339.8
OI00659-2,O00659,P017,1,0.2,1456.5
OI00659-3,O00659,P046,3,0.0,4088.91
OI00659-4,O00659,P066,3,0.0,5166.03
OI00660-1,O00660,P028,2,0.15,6571.32
OI00661-1,O00661,P049,1,0.1,2311.53
OI00662-1,O00662,P056,2,0.05,8109.48
OI00662-2,O00662,P077,2,0.1,8688.17
OI00663-1,O00663,P004,3,0.15,2802.83
OI00663-2,O00663,P064,1,0.0,1950.6
OI00664-1,O00664,P021,3,0.2,1836.7
OI00664-2,O00664,P035,1,0.15,2810.91
OI00664-3,O00664,P079,2,0.1,3184.87
OI00664-4,O00664,P027,3,0.2,10015.85
OI00665-1,O00665,P051,1,0.15,1242.9
OI00666-1,O00666,P042,3,0.0,2560.35
OI00666-2,O00666,P043,2,0.05,6636.36
OI00666-3,O00666,P002,3,0.15,6528.05
OI00666-4,O00666,P035,1,0.2,2645.56
OI00667-1,O00667,P038,1,0.0,3415.55
OI00667-2,O00667,P061,3,0.15,11358.03
OI00668-1,O00668,P008,2,0.0,9462.52
OI00668-2,O00668,P070,2,0.2,3502.77
OI00669-1,O00669,P002,3,0.15,6528.05
OI00669-2,O00669,P009,2,0.05,5876.47
OI00669-3,O00669,P016,2,0.05,5651.65
OI00669-4,O00669,P037,3,0.2,6992.93
OI00670-1,O00670,P011,2,0.1,8014.5
OI00670-2,O00670,P060,3,0.05,11576.67
OI00670-3,O00670,P034,3,0.1,11000.88
OI00671-1,O00671,P077,1,0.0,4826.76
OI00671-2,O00671,P003,2,0.2,7903.47
OI00671-3,O00671,P006,2,0.2,4437.22
OI00672-1,O00672,P042,1,0.2,682.76
OI00672-2,O00672,P013,3,0.15,7950.11
OI00672-3,O00672,P030,1,0.2,3242.05
OI00673-1,O00673,P051,1,0.2,1169.78
OI00673-2,O00673,P015,3,0.05,3575.15
OI00673-3,O00673,P077,2,0.0,9653.52
OI00674-1,O00674,P070,3,0.05,6239.31
OI00674-2,O00674,P074,1,0.0,4511.83
OI00675-1,O00675,P024,2,0.15,6173.28
OI00675-2,O00675,P015,2,0.15,2132.55
OI00675-3,O00675,P030,3,0.1,10941.91
OI00675-4,O00675,P070,1,0.0,2189.23
OI00676-1,O00676,P071,2,0.05,5638.08
OI00677-1,O00677,P051,3,0.2,3509.35
OI00677-2,O00677,P004,3,0.05,3132.58
OI00677-3,O00677,P041,2,0.1,4822.97
OI00678-1,O00678,P018,3,0.2,2217.41
OI00679-1,O00679,P020,1,0.0,1262.86
OI00679-2,O00679,P045,1,0.15,4106.75
OI00679-3,O00679,P012,2,0.0,4238.84
OI00680-1,O00680,P068,2,0.05,2715.44
OI00680-2,O00680,P031,1,0.15,336.41
OI00680-3,O00680,P062,3,0.05,5625.42
OI00680-4,O00680,P027,1,0.1,3755.94
OI00681-1,O00681,P034,2,0.1,7333.92
OI00681-2,O00681,P008,3,0.0,14193.78
OI00682-1,O00682,P034,1,0.05,3870.68
OI00682-2,O00682,P055,2,0.1,4295.57
OI00682-3,O00682,P009,2,0.05,5876.47
OI00682-4,O00682,P003,3,0.0,14819.01
OI00683-1,O00683,P049,1,0.05,2439.95
OI00684-1,O00684,P027,2,0.1,7511.89
OI00684-2,O00684,P021,3,0.0,2295.87
OI00684-3,O00684,P061,1,0.05,4231.42
OI00684-4,O00684,P076,3,0.1,5547.39
OI00685-1,O00685,P072,2,0.0,3095.72
OI00685-2,O00685,P046,1,0.05,1294.82
OI00685-3,O00685,P064,1,0.05,1853.07
OI00685-4,O00685,P043,2,0.2,5588.51
OI00686-1,O00686,P072,1,0.15,1315.68
OI00687-1,O00687,P063,1,0.2,1132.46
OI00687-2,O00687,P029,2,0.0,5611.18
OI00688-1,O00688,P047,3,0.1,9816.39
OI00688-2,O00688,P069,2,0.15,7975.31
OI00689-1,O00689,P004,2,0.1,1978.47
OI00689-2,O00689,P079,1,0.0,1769.37
OI00689-3,O00689,P002,3,0.0,7680.06
OI00690-1,O00690,P007,1,0.1,749.56
OI00690-2,O00690,P065,2,0.15,7453.63
OI00690-3,O00690,P049,1,0.1,2311.53
OI00691-1,O00691,P031,3,0.05,1127.97
OI00691-2,O00691,P070,3,0.2,5254.15
OI00691-3,O00691,P034,2,0.0,8148.8
OI00692-1,O00692,P073,2,0.0,2527.72
OI00692-2,O00692,P065,1,0.15,3726.82
OI00692-3,O00692,P014,3,0.0,7092.63
OI00693-1,O00693,P071,1,0.15,2522.3
OI00694-1,O00694,P075,3,0.05,6471.27
OI00694-2,O00694,P011,3,0.1,12021.75
OI00695-1,O00695,P009,1,0.05,2938.24
OI00695-2,O00695,P047,3,0.2,8725.68
OI00695-3,O00695,P053,2,0.05,8250.33
OI00696-1,O00696,P051,1,0.0,1462.23
OI00696-2,O00696,P043,2,0.1,6287.08
OI00696-3,O00696,P060,3,0.2,9748.78
OI00696-4,O00696,P017,2,0.0,3641.24
OI00697-1,O00697,P018,2,0.15,1570.66
OI00697-2,O00697,P041,2,0.0,5358.86
OI00697-3,O00697,P021,1,0.0,765.29
OI00697-4,O00697,P004,2,0.2,1758.64
OI00698-1,O00698,P033,2,0.05,7146.56
OI00699-1,O00699,P010,3,0.0,8532.87
OI00699-2,O00699,P040,1,0.05,2792.84
OI00699-3,O00699,P032,3,0.1,13089.92
OI00700-1,O00700,P069,2,0.0,9382.72
OI00701-1,O00701,P077,2,0.15,8205.49
OI00701-2,O00701,P019,3,0.1,2345.79
OI00702-1,O00702,P034,1,0.1,3666.96
OI00703-1,O00703,P075,1,0.0,2270.62
OI00703-2,O00703,P064,2,0.2,3120.96
OI00703-3,O00703,P009,1,0.15,2628.95
OI00704-1,O00704,P077,3,0.0,14480.28
OI00705-1,O00705,P045,2,0.0,9662.94
OI00706-1,O00706,P049,2,0.0,5136.74
OI00707-1,O00707,P061,1,0.2,3563.3
OI00708-1,O00708,P074,1,0.05,4286.24
OI00708-2,O00708,P040,3,0.15,7496.57
OI00708-3,O00708,P044,1,0.0,4685.14
OI00708-4,O00708,P036,1,0.05,4220.23
OI00709-1,O00709,P053,2,0.0,8684.56
OI00709-2,O00709,P005,3,0.2,11573.47
OI00710-1,O00710,P057,3,0.0,14488.11
OI00710-2,O00710,P024,3,0.05,10349.32
OI00711-1,O00711,P053,1,0.05,4125.17
OI00711-2,O00711,P020,3,0.2,3030.86
OI00711-3,O00711,P019,2,0.15,1476.98
OI00711-4,O00711,P076,2,0.0,4109.18
OI00712-1,O00712,P060,3,0.0,12185.97
OI00712-2,O00712,P049,3,0.15,6549.34
OI00713-1,O00713,P057,3,0.0,14488.11
OI00713-2,O00713,P077,2,0.2,7722.82
OI00713-3,O00713,P001,2,0.0,9495.68
OI00714-1,O00714,P051,1,0.1,1316.01
OI00714-2,O00714,P049,2,0.0,5136.74
OI00714-3,O00714,P071,3,0.0,8902.23
OI00715-1,O00715,P063,1,0.15,1203.23
OI00715-2,O00715,P047,3,0.0,10907.1
OI00715-3,O00715,P038,2,0.2,5464.88
OI00715-4,O00715,P061,1,0.0,4454.13
OI00716-1,O00716,P063,1,0.2,1132.46
OI00716-2,O00716,P070,1,0.0,2189.23
OI00716-3,O00716,P026,3,0.1,11515.1
OI00716-4,O00716,P011,2,0.0,8905.0
OI00717-1,O00717,P073,3,0.0,3791.58
OI00717-2,O00717,P038,3,0.2,8197.32
OI00718-1,O00718,P005,3,0.05,13743.5
OI00718-2,O00718,P033,1,0.15,3197.15
OI00719-1,O00719,P063,3,0.0,4246.71
OI00719-2,O00719,P003,3,0.2,11855.21
OI00719-3,O00719,P056,3,0.05,12164.23
OI00719-4,O00719,P076,3,0.05,5855.58
OI00720-1,O00720,P033,2,0.05,7146.56
OI00720-2,O00720,P047,3,0.2,8725.68
OI00721-1,O00721,P071,3,0.0,8902.23
OI00721-2,O00721,P020,1,0.15,1073.43
OI00721-3,O00721,P068,3,0.15,3644.41
OI00721-4,O00721,P023,1,0.1,4050.03
OI00722-1,O00722,P044,3,0.0,14055.42
OI00722-2,O00722,P056,1,0.0,4268.15
OI00723-1,O00723,P049,1,0.15,2183.11
OI00723-2,O00723,P044,2,0.0,9370.28
OI00724-1,O00724,P076,3,0.2,4931.02
OI00725-1,O00725,P076,3,0.0,6163.77
OI00725-2,O00725,P020,3,0.05,3599.15
OI00725-3,O00725,P072,3,0.2,3714.86
OI00726-1,O00726,P030,3,0.15,10334.03
OI00726-2,O00726,P077,2,0.15,8205.49
OI00726-3,O00726,P026,1,0.1,3838.37
OI00727-1,O00727,P004,3,0.05,3132.58
OI00727-2,O00727,P056,1,0.2,3414.52
OI00727-3,O00727,P036,2,0.1,7996.23
OI00727-4,O00727,P031,1,0.2,316.62
OI00728-1,O00728,P079,2,0.05,3361.8
OI00729-1,O00729,P050,2,0.15,3420.82
OI00729-2,O00729,P015,1,0.15,1066.27
OI00729-3,O00729,P026,2,0.1,7676.73
OI00729-4,O00729,P073,2,0.2,2022.18
OI00730-1,O00730,P020,3,0.2,3030.86
OI00730-2,O00730,P063,1,0.05,1344.79
OI00731-1,O00731,P077,1,0.0,4826.76
OI00731-2,O00731,P059,2,0.15,2666.96
OI00732-1,O00732,P049,3,0.2,6164.09
OI00733-1,O00733,P076,1,0.0,2054.59
OI00734-1,O00734,P001,1,0.15,4035.66
OI00734-2,O00734,P061,2,0.0,8908.26
OI00734-3,O00734,P078,2,0.0,8768.0
OI00735-1,O00735,P035,3,0.15,8432.72
OI00735-2,O00735,P053,1,0.15,3690.94
OI00735-3,O00735,P074,2,0.2,7218.93
OI00735-4,O00735,P006,3,0.1,7487.8
OI00736-1,O00736,P075,1,0.15,1930.03
OI00737-1,O00737,P008,1,0.0,4731.26
OI00737-2,O00737,P017,2,0.0,3641.24
OI00738-1,O00738,P065,2,0.05,8330.53
OI00738-2,O00738,P060,3,0.15,10358.07
OI00738-3,O00738,P078,1,0.15,3726.4
OI00739-1,O00739,P060,1,0.05,3858.89
OI00739-2,O00739,P016,3,0.15,7585.1
OI00739-3,O00739,P043,2,0.1,6287.08
OI00740-1,O00740,P047,1,0.0,3635.7
OI00740-2,O00740,P024,3,0.05,10349.32
OI00740-3,O00740,P043,2,0.1,6287.08
OI00741-1,O00741,P057,2,0.05,9175.8
OI00742-1,O00742,P043,3,0.05,9954.54
OI00742-2,O00742,P054,1,0.05,2553.27
OI00743-1,O00743,P067,3,0.2,8992.39
OI00744-1,O00744,P003,1,0.2,3951.74
OI00745-1,O00745,P069,1,0.2,3753.09
OI00745-2,O00745,P080,1,0.0,1712.09
OI00745-3,O00745,P068,3,0.0,4287.54
OI00745-4,O00745,P042,2,0.05,1621.56
OI00746-1,O00746,P039,2,0.05,3009.37
OI00747-1,O00747,P006,3,0.15,7071.81
OI00747-2,O00747,P071,2,0.05,5638.08
OI00747-3,O00747,P010,3,0.2,6826.3
OI00748-1,O00748,P039,1,0.0,1583.88
OI00748-2,O00748,P059,2,0.0,3137.6
OI00748-3,O00748,P046,1,0.0,1362.97
OI00749-1,O00749,P066,2,0.05,3271.82
OI00749-2,O00749,P044,3,0.1,12649.88
OI00749-3,O00749,P011,2,0.05,8459.75
OI00749-4,O00749,P075,1,0.2,1816.5
OI00750-1,O00750,P066,1,0.0,1722.01
OI00751-1,O00751,P032,2,0.15,8241.8
OI00751-2,O00751,P071,3,0.2,7121.78
OI00751-3,O00751,P040,3,0.0,8819.49
OI00752-1,O00752,P019,1,0.2,695.05
OI00752-2,O00752,P073,2,0.2,2022.18
OI00753-1,O00753,P048,3,0.0,12497.16
OI00753-2,O00753,P010,2,0.05,5404.15
OI00753-3,O00753,P062,3,0.1,5329.34
OI00753-4,O00753,P071,1,0.15,2522.3
OI00754-1,O00754,P037,2,0.0,5827.44
OI00754-2,O00754,P028,3,0.0,11596.44
OI00754-3,O00754,P062,1,0.05,1875.14
OI00754-4,O00754,P006,2,0.2,4437.22
OI00755-1,O00755,P013,2,0.1,5611.84
OI00755-2,O00755,P018,1,0.05,877.72
OI00755-3,O00755,P054,2,0.15,4569.01
OI00756-1,O00756,P053,1,0.15,3690.94
OI00756-2,O00756,P024,1,0.15,3086.64
OI00757-1,O00757,P067,2,0.15,6369.61
OI00757-2,O00757,P003,3,0.0,14819.01
OI00758-1,O00758,P026,3,0.1,11515.1
OI00759-1,O00759,P057,1,0.1,4346.43
OI00760-1,O00760,P008,3,0.05,13484.09
OI00760-2,O00760,P056,3,0.0,12804.45
OI00761-1,O00761,P003,2,0.15,8397.44
OI00761-2,O00761,P015,1,0.0,1254.44
OI00762-1,O00762,P008,1,0.15,4021.57
OI00762-2,O00762,P020,1,0.0,1262.86
OI00762-3,O00762,P073,1,0.05,1200.67
OI00762-4,O00762,P022,3,0.0,4339.8
OI00763-1,O00763,P055,1,0.0,2386.43
OI00763-2,O00763,P065,3,0.0,13153.47
OI00764-1,O00764,P014,1,0.05,2246.0
OI00764-2,O00764,P024,2,0.05,6899.55
OI00765-1,O00765,P062,1,0.05,1875.14
OI00765-2,O00765,P010,3,0.0,8532.87
OI00765-3,O00765,P031,1,0.0,395.78
OI00765-4,O00765,P051,3,0.2,3509.35
OI00766-1,O00766,P044,3,0.15,11947.11
OI00767-1,O00767,P015,1,0.15,1066.27
OI00767-2,O00767,P044,3,0.0,14055.42
OI00767-3,O00767,P040,3,0.05,8378.52
OI00767-4,O00767,P025,1,0.15,2457.7
OI00768-1,O00768,P070,3,0.05,6239.31
OI00768-2,O00768,P042,2,0.2,1365.52
OI00768-3,O00768,P006,3,0.2,6655.82
OI00768-4,O00768,P045,1,0.1,4348.32
OI00769-1,O00769,P012,1,0.1,1907.48
OI00769-2,O00769,P051,1,0.15,1242.9
OI00769-3,O00769,P005,1,0.1,4340.05
OI00770-1,O00770,P071,1,0.1,2670.67
OI00770-2,O00770,P009,3,0.15,7886.84
OI00770-3,O00770,P017,1,0.0,1820.62
OI00771-1,O00771,P019,3,0.1,2345.79
OI00772-1,O00772,P048,3,0.1,11247.44
OI00772-2,O00772,P073,2,0.05,2401.33
OI00772-3,O00772,P011,3,0.0,13357.5
OI00772-4,O00772,P007,2,0.15,1415.83
OI00773-1,O00773,P010,2,0.0,5688.58
OI00773-2,O00773,P032,1,0.2,3878.5
OI00773-3,O00773,P011,3,0.0,13357.5
OI00773-4,O00773,P040,2,0.05,5585.68
OI00774-1,O00774,P066,1,0.2,1377.61
OI00774-2,O00774,P041,1,0.15,2277.52
OI00774-3,O00774,P072,1,0.0,1547.86
OI00774-4,O00774,P035,2,0.2,5291.12
OI00775-1,O00775,P019,1,0.0,868.81
OI00775-2,O00775,P028,2,0.0,7730.96
OI00776-1,O00776,P034,1,0.0,4074.4
OI00776-2,O00776,P032,3,0.1,13089.92
OI00776-3,O00776,P075,2,0.0,4541.24
OI00777-1,O00777,P059,1,0.2,1255.04
OI00777-2,O00777,P064,2,0.1,3511.08
OI00777-3,O00777,P012,3,0.0,6358.26
OI00778-1,O00778,P050,1,0.0,2012.25
OI00778-2,O00778,P011,1,0.15,3784.62
OI00778-3,O00778,P045,2,0.2,7730.35
OI00779-1,O00779,P001,2,0.2,7596.54
OI00779-2,O00779,P062,1,0.1,1776.45
OI00779-3,O00779,P005,1,0.2,3857.82
OI00779-4,O00779,P014,3,0.15,6028.74
OI00780-1,O00780,P030,3,0.0,12157.68
OI00780-2,O00780,P068,3,0.0,4287.54
OI00780-3,O00780,P054,3,0.0,8062.95
OI00780-4,O00780,P042,3,0.15,2176.3
OI00781-1,O00781,P061,1,0.0,4454.13
OI00781-2,O00781,P023,3,0.05,12825.09
OI00781-3,O00781,P011,1,0.15,3784.62
OI00782-1,O00782,P010,1,0.2,2275.43
OI00782-2,O00782,P051,3,0.15,3728.69
OI00783-1,O00783,P049,1,0.0,2568.37
OI00783-2,O00783,P006,1,0.0,2773.26
OI00783-3,O00783,P035,3,0.0,9920.85
OI00783-4,O00783,P037,3,0.1,7867.04
OI00784-1,O00784,P024,1,0.1,3268.21
OI00784-2,O00784,P038,2,0.0,6831.1
OI00785-1,O00785,P006,3,0.2,6655.82
OI00786-1,O00786,P037,3,0.0,8741.16
OI00787-1,O00787,P001,1,0.0,4747.84
OI00787-2,O00787,P013,2,0.0,6235.38
OI00787-3,O00787,P077,1,0.1,4344.08
OI00788-1,O00788,P031,1,0.15,336.41
OI00788-2,O00788,P053,1,0.0,4342.28
OI00788-3,O00788,P071,2,0.0,5934.82
OI00789-1,O00789,P008,3,0.05,13484.09
OI00790-1,O00790,P062,2,0.15,3355.51
OI00790-2,O00790,P043,3,0.0,10478.46
OI00790-3,O00790,P068,1,0.0,1429.18
OI00790-4,O00790,P076,1,0.2,1643.67
OI00791-1,O00791,P023,1,0.05,4275.03
OI00792-1,O00792,P044,3,0.0,14055.42
OI00792-2,O00792,P034,1,0.0,4074.4
OI00793-1,O00793,P042,3,0.15,2176.3
OI00793-2,O00793,P075,3,0.1,6130.67
OI00793-3,O00793,P068,1,0.0,1429.18
OI00793-4,O00793,P047,2,0.05,6907.83
OI00794-1,O00794,P053,2,0.2,6947.65
OI00794-2,O00794,P054,1,0.2,2150.12
OI00794-3,O00794,P022,3,0.0,4339.8
OI00794-4,O00794,P060,3,0.05,11576.67
OI00795-1,O00795,P035,2,0.15,5621.81
OI00795-2,O00795,P046,2,0.05,2589.64
OI00796-1,O00796,P007,2,0.0,1665.68
OI00796-2,O00796,P020,3,0.0,3788.58
OI00796-3,O00796,P010,1,0.15,2417.65
OI00797-1,O00797,P079,2,0.1,3184.87
OI00797-2,O00797,P029,2,0.2,4488.94
OI00798-1,O00798,P040,3,0.0,8819.49
OI00798-2,O00798,P020,1,0.0,1262.86
OI00798-3,O00798,P022,3,0.0,4339.8
OI00798-4,O00798,P049,1,0.1,2311.53
OI00799-1,O00799,P031,1,0.1,356.2
OI00800-1,O00800,P005,3,0.0,14466.84
OI00800-2,O00800,P069,2,0.05,8913.58
OI00800-3,O00800,P030,2,0.0,8105.12
OI00801-1,O00801,P071,1,0.0,2967.41
OI00801-2,O00801,P072,1,0.0,1547.86
OI00801-3,O00801,P076,1,0.0,2054.59
OI00802-1,O00802,P078,3,0.0,13152.0
OI00802-2,O00802,P030,1,0.0,4052.56
OI00802-3,O00802,P067,2,0.05,7118.98
OI00803-1,O00803,P058,1,0.0,3744.43
OI00803-2,O00803,P072,3,0.2,3714.86
OI00803-3,O00803,P015,2,0.0,2508.88
OI00804-1,O00804,P004,1,0.05,1044.19
OI00805-1,O00805,P049,3,0.05,7319.85
OI00805-2,O00805,P042,2,0.0,1706.9
OI00806-1,O00806,P038,3,0.1,9221.99
OI00806-2,O00806,P009,3,0.0,9278.64
OI00807-1,O00807,P010,2,0.2,4550.86
OI00807-2,O00807,P019,3,0.2,2085.14
OI00807-3,O00807,P030,2,0.15,6889.35
OI00807-4,O00807,P080,1,0.05,1626.49
OI00808-1,O00808,P033,1,0.1,3385.22
OI00808-2,O00808,P049,3,0.1,6934.6
OI00809-1,O00809,P027,1,0.0,4173.27
OI00810-1,O00810,P019,3,0.05,2476.11
OI00811-1,O00811,P032,3,0.0,14544.36
OI00812-1,O00812,P070,1,0.1,1970.31
OI00812-2,O00812,P051,2,0.15,2485.79
OI00813-1,O00813,P070,2,0.05,4159.54
OI00813-2,O00813,P023,2,0.1,8100.05
OI00813-3,O00813,P063,1,0.05,1344.79
OI00814-1,O00814,P039,2,0.2,2534.21
OI00814-2,O00814,P054,2,0.2,4300.24
OI00815-1,O00815,P012,2,0.05,4026.9
OI00815-2,O00815,P073,2,0.2,2022.18
OI00815-3,O00815,P039,2,0.2,2534.21
OI00816-1,O00816,P072,1,0.0,1547.86
OI00816-2,O00816,P030,1,0.15,3444.68
OI00817-1,O00817,P064,2,0.05,3706.14
OI00818-1,O00818,P070,3,0.15,5582.54
OI00818-2,O00818,P063,2,0.15,2406.47
OI00818-3,O00818,P046,2,0.05,2589.64
OI00819-1,O00819,P046,1,0.1,1226.67
OI00819-2,O00819,P008,3,0.1,12774.4
OI00819-3,O00819,P055,2,0.05,4534.22
OI00819-4,O00819,P022,1,0.1,1301.94
OI00820-1,O00820,P071,2,0.2,4747.86
OI00820-2,O00820,P007,1,0.0,832.84
OI00821-1,O00821,P009,3,0.0,9278.64
OI00822-1,O00822,P053,1,0.15,3690.94
OI00822-2,O00822,P070,3,0.0,6567.69
OI00822-3,O00822,P061,2,0.1,8017.43
OI00823-1,O00823,P014,2,0.15,4019.16
OI00823-2,O00823,P069,1,0.15,3987.66
OI00823-3,O00823,P063,1,0.1,1274.01
OI00824-1,O00824,P047,1,0.1,3272.13
OI00824-2,O00824,P052,1,0.15,2334.31
OI00825-1,O00825,P040,2,0.2,4703.73
OI00825-2,O00825,P033,1,0.2,3009.08
OI00825-3,O00825,P073,2,0.2,2022.18
OI00825-4,O00825,P059,1,0.0,1568.8
OI00826-1,O00826,P063,2,0.15,2406.47
OI00827-1,O00827,P004,3,0.15,2802.83
OI00827-2,O00827,P048,1,0.0,4165.72
OI00827-3,O00827,P027,1,0.2,3338.62
OI00827-4,O00827,P019,1,0.0,868.81
OI00828-1,O00828,P012,3,0.0,6358.26
OI00828-2,O00828,P007,1,0.1,749.56
OI00828-3,O00828,P014,2,0.1,4255.58
OI00829-1,O00829,P025,1,0.1,2602.27
OI00829-2,O00829,P072,2,0.1,2786.15
OI00830-1,O00830,P028,3,0.15,9856.97
OI00830-2,O00830,P021,3,0.0,2295.87
OI00830-3,O00830,P007,3,0.0,2498.52
OI00831-1,O00831,P042,1,0.05,810.78
OI00832-1,O00832,P027,3,0.0,12519.81
OI00832-2,O00832,P040,1,0.15,2498.86
OI00833-1,O00833,P030,1,0.15,3444.68
OI00833-2,O00833,P071,2,0.0,5934.82
OI00833-3,O00833,P045,3,0.1,13044.97
OI00834-1,O00834,P053,2,0.1,7816.1
OI00834-2,O00834,P054,1,0.0,2687.65
OI00835-1,O00835,P059,3,0.0,4706.4
OI00836-1,O00836,P037,1,0.05,2768.03
OI00837-1,O00837,P074,1,0.2,3609.46
OI00837-2,O00837,P034,1,0.0,4074.4
OI00838-1,O00838,P014,2,0.0,4728.42
OI00838-2,O00838,P002,1,0.0,2560.02
OI00839-1,O00839,P071,3,0.2,7121.78
OI00839-2,O00839,P007,3,0.05,2373.59
OI00840-1,O00840,P007,3,0.0,2498.52
OI00841-1,O00841,P014,1,0.2,1891.37
OI00841-2,O00841,P069,1,0.0,4691.36
OI00841-3,O00841,P012,3,0.15,5404.52
OI00841-4,O00841,P063,1,0.2,1132.46
OI00842-1,O00842,P058,3,0.1,10109.96
OI00842-2,O00842,P053,3,0.2,10421.47
OI00842-3,O00842,P004,3,0.1,2967.71
OI00843-1,O00843,P048,3,0.0,12497.16
OI00843-2,O00843,P077,3,0.15,12308.24
OI00844-1,O00844,P070,1,0.05,2079.77
OI00844-2,O00844,P055,2,0.0,4772.86
OI00844-3,O00844,P024,3,0.1,9804.62
OI00844-4,O00844,P061,1,0.0,4454.13
OI00845-1,O00845,P059,2,0.1,2823.84
OI00845-2,O00845,P007,3,0.2,1998.82
OI00845-3,O00845,P076,2,0.15,3492.8
OI00846-1,O00846,P066,2,0.1,3099.62
OI00847-1,O00847,P068,3,0.2,3430.03
OI00848-1,O00848,P077,1,0.1,4344.08
OI00848-2,O00848,P056,2,0.0,8536.3
OI00848-3,O00848,P068,3,0.0,4287.54
OI00848-4,O00848,P050,3,0.0,6036.75
OI00849-1,O00849,P050,3,0.2,4829.4
OI00849-2,O00849,P063,3,0.2,3397.37
OI00849-3,O00849,P014,3,0.15,6028.74
OI00850-1,O00850,P046,2,0.1,2453.35
OI00851-1,O00851,P050,2,0.1,3622.05
OI00851-2,O00851,P065,1,0.1,3946.04
OI00851-3,O00851,P033,1,0.05,3573.28
OI00851-4,O00851,P025,2,0.0,5782.82
OI00852-1,O00852,P054,1,0.0,2687.65
OI00852-2,O00852,P037,3,0.0,8741.16
OI00853-1,O00853,P064,1,0.1,1755.54
OI00853-2,O00853,P079,1,0.1,1592.43
OI00853-3,O00853,P010,1,0.0,2844.29
OI00853-4,O00853,P061,3,0.15,11358.03
OI00854-1,O00854,P013,2,0.05,5923.61
OI00854-2,O00854,P076,2,0.1,3698.26
OI00854-3,O00854,P014,2,0.2,3782.74
OI00855-1,O00855,P068,2,0.0,2858.36
OI00855-2,O00855,P016,3,0.1,8031.29
OI00855-3,O00855,P008,3,0.1,12774.4
OI00855-4,O00855,P038,1,0.2,2732.44
OI00856-1,O00856,P073,3,0.0,3791.58
OI00856-2,O00856,P048,1,0.0,4165.72
OI00857-1,O00857,P005,1,0.0,4822.28
OI00857-2,O00857,P039,2,0.0,3167.76
OI00857-3,O00857,P080,2,0.1,3081.76
OI00858-1,O00858,P065,3,0.05,12495.8
OI00858-2,O00858,P068,1,0.15,1214.8
OI00859-1,O00859,P038,3,0.15,8709.65
OI00859-2,O00859,P063,3,0.0,4246.71
OI00860-1,O00860,P075,1,0.0,2270.62
OI00860-2,O00860,P020,3,0.0,3788.58
OI00861-1,O00861,P076,2,0.0,4109.18
OI00861-2,O00861,P077,2,0.1,8688.17
OI00861-3,O00861,P009,3,0.2,7422.91
OI00862-1,O00862,P025,1,0.05,2746.84
OI00863-1,O00863,P022,2,0.15,2459.22
OI00864-1,O00864,P015,3,0.05,3575.15
OI00864-2,O00864,P052,2,0.0,5492.5
OI00865-1,O00865,P071,3,0.1,8012.01
OI00866-1,O00866,P043,2,0.05,6636.36
OI00866-2,O00866,P031,2,0.1,712.4
OI00866-3,O00866,P047,2,0.2,5817.12
OI00867-1,O00867,P055,3,0.0,7159.29
OI00867-2,O00867,P042,2,0.15,1450.87
OI00867-3,O00867,P036,3,0.2,10661.64
OI00868-1,O00868,P054,1,0.0,2687.65
OI00869-1,O00869,P020,2,0.15,2146.86
OI00869-2,O00869,P065,2,0.0,8768.98
OI00869-3,O00869,P062,2,0.0,3947.66
OI00869-4,O00869,P012,1,0.1,1907.48
OI00870-1,O00870,P072,1,0.0,1547.86
OI00871-1,O00871,P019,1,0.0,868.81
OI00871-2,O00871,P049,3,0.1,6934.6
OI00871-3,O00871,P005,2,0.1,8680.1
OI00871-4,O00871,P065,3,0.0,13153.47
OI00872-1,O00872,P011,3,0.05,12689.62
OI00873-1,O00873,P064,2,0.2,3120.96
OI00874-1,O00874,P034,2,0.1,7333.92
OI00874-2,O00874,P054,1,0.15,2284.5
OI00875-1,O00875,P080,3,0.15,4365.83
OI00875-2,O00875,P005,1,0.15,4098.94
OI00876-1,O00876,P061,3,0.2,10689.91
OI00876-2,O00876,P070,3,0.2,5254.15
OI00877-1,O00877,P036,2,0.2,7107.76
OI00877-2,O00877,P034,1,0.05,3870.68
OI00877-3,O00877,P013,3,0.1,8417.76
OI00877-4,O00877,P026,3,0.0,12794.55
OI00878-1,O00878,P066,3,0.2,4132.82
OI00878-2,O00878,P068,1,0.2,1143.34
OI00878-3,O00878,P054,2,0.2,4300.24
OI00879-1,O00879,P048,3,0.0,12497.16
OI00880-1,O00880,P030,1,0.0,4052.56
OI00881-1,O00881,P016,3,0.0,8923.65
OI00881-2,O00881,P027,3,0.15,10641.84
OI00881-3,O00881,P078,3,0.05,12494.4
OI00881-4,O00881,P041,1,0.2,2143.54
OI00882-1,O00882,P040,2,0.2,4703.73
OI00882-2,O00882,P048,3,0.15,10622.59
OI00883-1,O00883,P044,3,0.0,14055.42
OI00883-2,O00883,P021,1,0.0,765.29
OI00884-1,O00884,P051,3,0.0,4386.69
OI00885-1,O00885,P077,2,0.1,8688.17
OI00885-2,O00885,P002,2,0.05,4864.04
OI00886-1,O00886,P044,2,0.05,8901.77
OI00886-2,O00886,P045,1,0.0,4831.47
OI00887-1,O00887,P039,3,0.0,4751.64
OI00887-2,O00887,P004,1,0.1,989.24
OI00887-3,O00887,P014,1,0.0,2364.21
OI00887-4,O00887,P079,3,0.0,5308.11
OI00888-1,O00888,P024,2,0.2,5810.14
OI00888-2,O00888,P071,2,0.0,5934.82
OI00888-3,O00888,P010,1,0.15,2417.65
OI00889-1,O00889,P025,1,0.15,2457.7
OI00889-2,O00889,P031,1,0.05,375.99
OI00889-3,O00889,P050,1,0.05,1911.64
OI00890-1,O00890,P078,2,0.1,7891.2
OI00890-2,O00890,P044,1,0.0,4685.14
OI00890-3,O00890,P012,2,0.0,4238.84
OI00891-1,O00891,P001,1,0.05,4510.45
OI00892-1,O00892,P062,2,0.1,3552.89
OI00892-2,O00892,P015,3,0.1,3386.99
OI00892-3,O00892,P075,2,0.0,4541.24
OI00893-1,O00893,P010,1,0.0,2844.29
OI00894-1,O00894,P029,3,0.2,6733.42
OI00895-1,O00895,P035,2,0.0,6613.9
OI00895-2,O00895,P068,3,0.05,4073.16
OI00896-1,O00896,P009,1,0.0,3092.88
OI00896-2,O00896,P064,3,0.0,5851.8
OI00896-3,O00896,P045,1,0.15,4106.75
OI00896-4,O00896,P032,1,0.2,3878.5
OI00897-1,O00897,P072,1,0.15,1315.68
OI00897-2,O00897,P043,2,0.2,5588.51
OI00897-3,O00897,P067,1,0.15,3184.81
OI00897-4,O00897,P049,3,0.05,7319.85
OI00898-1,O00898,P011,2,0.1,8014.5
OI00898-2,O00898,P049,3,0.2,6164.09
OI00898-3,O00898,P032,2,0.0,9696.24
OI00898-4,O00898,P053,3,0.1,11724.16
OI00899-1,O00899,P067,1,0.2,2997.46
OI00899-2,O00899,P062,1,0.15,1677.76
OI00899-3,O00899,P073,1,0.2,1011.09
OI00899-4,O00899,P004,3,0.15,2802.83
OI00900-1,O00900,P073,3,0.15,3222.84
OI00900-2,O00900,P010,2,0.05,5404.15
OI00900-3,O00900,P040,2,0.1,5291.69
OI00900-4,O00900,P062,3,0.0,5921.49
OI00901-1,O00901,P064,1,0.2,1560.48
OI00901-2,O00901,P053,3,0.15,11072.81
OI00901-3,O00901,P063,3,0.05,4034.37
OI00902-1,O00902,P009,3,0.0,9278.64
OI00902-2,O00902,P080,2,0.15,2910.55
OI00903-1,O00903,P058,3,0.15,9548.3
OI00904-1,O00904,P071,3,0.2,7121.78
OI00904-2,O00904,P008,1,0.15,4021.57
OI00905-1,O00905,P024,1,0.0,3631.34
OI00905-2,O00905,P021,1,0.15,650.5
OI00905-3,O00905,P032,2,0.0,9696.24
OI00906-1,O00906,P043,1,0.0,3492.82
OI00906-2,O00906,P052,1,0.0,2746.25
OI00906-3,O00906,P046,3,0.15,3475.57
OI00906-4,O00906,P072,2,0.2,2476.58
OI00907-1,O00907,P074,3,0.0,13535.49
OI00907-2,O00907,P022,3,0.0,4339.8
OI00907-3,O00907,P054,2,0.1,4837.77
OI00908-1,O00908,P071,3,0.0,8902.23
OI00908-2,O00908,P069,3,0.05,13370.38
OI00908-3,O00908,P035,3,0.1,8928.76
OI00908-4,O00908,P040,3,0.2,7055.59
OI00909-1,O00909,P055,2,0.05,4534.22
OI00909-2,O00909,P020,2,0.15,2146.86
OI00909-3,O00909,P023,2,0.0,9000.06
OI00910-1,O00910,P012,1,0.05,2013.45
OI00910-2,O00910,P028,1,0.1,3478.93
OI00911-1,O00911,P037,1,0.0,2913.72
OI00912-1,O00912,P067,2,0.0,7493.66
OI00912-2,O00912,P023,1,0.1,4050.03
OI00912-3,O00912,P075,1,0.2,1816.5
OI00912-4,O00912,P055,1,0.0,2386.43
OI00913-1,O00913,P076,3,0.2,4931.02
OI00913-2,O00913,P040,2,0.05,5585.68
OI00914-1,O00914,P046,1,0.1,1226.67
OI00915-1,O00915,P005,1,0.05,4581.17
OI00915-2,O00915,P062,3,0.1,5329.34
OI00915-3,O00915,P041,1,0.0,2679.43
OI00915-4,O00915,P063,2,0.1,2548.03
OI00916-1,O00916,P030,3,0.1,10941.91
OI00916-2,O00916,P074,2,0.0,9023.66
OI00916-3,O00916,P037,1,0.0,2913.72
OI00916-4,O00916,P075,2,0.05,4314.18
OI00917-1,O00917,P020,3,0.1,3409.72
OI00918-1,O00918,P021,2,0.2,1224.46
OI00919-1,O00919,P068,2,0.0,2858.36
OI00919-2,O00919,P067,1,0.0,3746.83
OI00919-3,O00919,P064,3,0.2,4681.44
OI00919-4,O00919,P049,3,0.0,7705.11
OI00920-1,O00920,P009,1,0.2,2474.3
OI00920-2,O00920,P076,1,0.0,2054.59
OI00921-1,O00921,P071,1,0.15,2522.3
OI00922-1,O00922,P075,3,0.15,5790.08
OI00922-2,O00922,P040,2,0.15,4997.71
OI00922-3,O00922,P047,1,0.1,3272.13
OI00923-1,O00923,P068,1,0.0,1429.18
OI00923-2,O00923,P031,1,0.0,395.78
OI00923-3,O00923,P076,3,0.2,4931.02
OI00924-1,O00924,P014,3,0.2,5674.1
OI00924-2,O00924,P061,3,0.2,10689.91
OI00924-3,O00924,P057,1,0.2,3863.5
OI00924-4,O00924,P004,1,0.0,1099.15
OI00925-1,O00925,P069,1,0.1,4222.22
OI00925-2,O00925,P040,1,0.2,2351.86
OI00925-3,O00925,P035,2,0.1,5952.51
OI00926-1,O00926,P071,1,0.0,2967.41
OI00926-2,O00926,P009,3,0.0,9278.64
OI00926-3,O00926,P045,3,0.15,12320.25
OI00927-1,O00927,P047,2,0.2,5817.12
OI00927-2,O00927,P065,1,0.1,3946.04
OI00928-1,O00928,P068,3,0.1,3858.79
OI00928-2,O00928,P014,1,0.2,1891.37
OI00928-3,O00928,P066,3,0.2,4132.82
OI00929-1,O00929,P076,1,0.0,2054.59
OI00929-2,O00929,P014,3,0.2,5674.1
OI00930-1,O00930,P077,1,0.0,4826.76
OI00931-1,O00931,P070,2,0.2,3502.77
OI00931-2,O00931,P065,1,0.2,3507.59
OI00932-1,O00932,P016,3,0.15,7585.1
OI00932-2,O00932,P023,3,0.05,12825.09
OI00932-3,O00932,P060,1,0.0,4061.99
OI00933-1,O00933,P080,3,0.1,4622.64
OI00934-1,O00934,P025,1,0.2,2313.13
OI00935-1,O00935,P002,2,0.1,4608.04
OI00935-2,O00935,P043,1,0.1,3143.54
OI00935-3,O00935,P067,3,0.15,9554.42
OI00936-1,O00936,P030,1,0.15,3444.68
OI00936-2,O00936,P039,2,0.05,3009.37
OI00937-1,O00937,P028,1,0.05,3672.21
OI00937-2,O00937,P024,1,0.1,3268.21
OI00937-3,O00937,P016,3,0.15,7585.1
OI00938-1,O00938,P036,2,0.1,7996.23
OI00938-2,O00938,P051,2,0.15,2485.79
OI00938-3,O00938,P066,1,0.0,1722.01
OI00939-1,O00939,P051,2,0.2,2339.57
OI00939-2,O00939,P014,2,0.0,4728.42
OI00939-3,O00939,P008,3,0.05,13484.09
OI00940-1,O00940,P012,1,0.2,1695.54
OI00940-2,O00940,P016,3,0.1,8031.29
OI00940-3,O00940,P040,1,0.1,2645.85
OI00940-4,O00940,P057,2,0.0,9658.74
OI00941-1,O00941,P076,2,0.0,4109.18
OI00941-2,O00941,P025,1,0.2,2313.13
OI00942-1,O00942,P055,3,0.0,7159.29
OI00942-2,O00942,P034,1,0.05,3870.68
OI00942-3,O00942,P020,1,0.15,1073.43
OI00943-1,O00943,P077,2,0.0,9653.52
OI00943-2,O00943,P014,3,0.2,5674.1
OI00943-3,O00943,P047,1,0.15,3090.34
OI00944-1,O00944,P046,1,0.1,1226.67
OI00945-1,O00945,P027,3,0.05,11893.82
OI00945-2,O00945,P069,3,0.0,14074.08
OI00945-3,O00945,P015,1,0.1,1129.0
OI00946-1,O00946,P026,3,0.2,10235.64
OI00946-2,O00946,P079,1,0.05,1680.9
OI00946-3,O00946,P012,2,0.2,3391.07
OI00947-1,O00947,P045,3,0.0,14494.41
OI00947-2,O00947,P056,3,0.0,12804.45
OI00947-3,O00947,P035,1,0.05,3141.6
OI00948-1,O00948,P031,1,0.2,316.62
OI00949-1,O00949,P010,3,0.05,8106.23
OI00949-2,O00949,P049,3,0.05,7319.85
OI00950-1,O00950,P036,3,0.15,11327.99
OI00950-2,O00950,P064,2,0.0,3901.2
OI00950-3,O00950,P068,2,0.0,2858.36
OI00951-1,O00951,P019,1,0.1,781.93
OI00951-2,O00951,P068,1,0.2,1143.34
OI00951-3,O00951,P016,2,0.1,5354.19
OI00952-1,O00952,P044,3,0.0,14055.42
OI00952-2,O00952,P079,1,0.2,1415.5
OI00952-3,O00952,P004,2,0.15,1868.56
OI00952-4,O00952,P062,1,0.05,1875.14
OI00953-1,O00953,P078,3,0.2,10521.6
OI00953-2,O00953,P001,3,0.0,14243.52
OI00953-3,O00953,P028,2,0.1,6957.86
OI00954-1,O00954,P029,3,0.05,7995.93
OI00954-2,O00954,P072,3,0.1,4179.22
OI00954-3,O00954,P012,3,0.15,5404.52
OI00954-4,O00954,P024,3,0.05,10349.32
OI00955-1,O00955,P072,2,0.0,3095.72
OI00955-2,O00955,P066,2,0.0,3444.02
OI00955-3,O00955,P010,2,0.15,4835.29
OI00956-1,O00956,P058,2,0.0,7488.86
OI00956-2,O00956,P061,1,0.0,4454.13
OI00956-3,O00956,P073,2,0.0,2527.72
OI00956-4,O00956,P008,2,0.05,8989.39
OI00957-1,O00957,P066,1,0.15,1463.71
OI00958-1,O00958,P004,3,0.2,2637.96
OI00958-2,O00958,P028,1,0.2,3092.38
OI00958-3,O00958,P057,1,0.0,4829.37
OI00958-4,O00958,P055,3,0.0,7159.29
OI00959-1,O00959,P028,3,0.0,11596.44
OI00959-2,O00959,P013,1,0.0,3117.69
OI00959-3,O00959,P024,1,0.05,3449.77
OI00960-1,O00960,P068,3,0.1,3858.79
OI00960-2,O00960,P034,3,0.0,12223.2
OI00961-1,O00961,P079,1,0.0,1769.37
OI00961-2,O00961,P034,3,0.1,11000.88
OI00961-3,O00961,P013,3,0.1,8417.76
OI00962-1,O00962,P034,2,0.2,6519.04
OI00962-2,O00962,P065,3,0.1,11838.12
OI00963-1,O00963,P077,2,0.2,7722.82
OI00963-2,O00963,P030,1,0.1,3647.3
OI00964-1,O00964,P021,2,0.0,1530.58
OI00964-2,O00964,P012,1,0.05,2013.45
OI00965-1,O00965,P036,2,0.05,8440.47
OI00965-2,O00965,P035,2,0.0,6613.9
OI00965-3,O00965,P071,3,0.1,8012.01
OI00965-4,O00965,P032,1,0.05,4605.71
OI00966-1,O00966,P072,3,0.0,4643.58
OI00966-2,O00966,P073,1,0.2,1011.09
OI00967-1,O00967,P011,2,0.0,8905.0
OI00967-2,O00967,P030,1,0.1,3647.3
OI00967-3,O00967,P037,2,0.0,5827.44
OI00968-1,O00968,P060,3,0.0,12185.97
OI00969-1,O00969,P052,1,0.0,2746.25
OI00970-1,O00970,P043,2,0.1,6287.08
OI00970-2,O00970,P051,3,0.2,3509.35
OI00971-1,O00971,P058,2,0.0,7488.86
OI00972-1,O00972,P062,3,0.0,5921.49
OI00972-2,O00972,P067,2,0.0,7493.66
OI00972-3,O00972,P001,1,0.0,4747.84
OI00973-1,O00973,P078,2,0.1,7891.2
OI00973-2,O00973,P037,2,0.05,5536.07
OI00974-1,O00974,P078,1,0.05,4164.8
OI00974-2,O00974,P031,3,0.15,1009.24
OI00974-3,O00974,P048,3,0.2,9997.73
OI00975-1,O00975,P015,1,0.15,1066.27
OI00975-2,O00975,P071,1,0.05,2819.04
OI00975-3,O00975,P052,1,0.0,2746.25
OI00976-1,O00976,P009,1,0.05,2938.24
OI00976-2,O00976,P036,3,0.15,11327.99
OI00976-3,O00976,P039,3,0.05,4514.06
OI00976-4,O00976,P001,1,0.0,4747.84
OI00977-1,O00977,P005,2,0.1,8680.1
OI00977-2,O00977,P069,2,0.15,7975.31
OI00977-3,O00977,P007,1,0.15,707.91
OI00977-4,O00977,P059,3,0.0,4706.4
OI00978-1,O00978,P040,2,0.2,4703.73
OI00978-2,O00978,P029,2,0.0,5611.18
OI00979-1,O00979,P013,3,0.05,8885.42
OI00979-2,O00979,P027,3,0.1,11267.83
OI00980-1,O00980,P034,3,0.0,12223.2
OI00980-2,O00980,P032,3,0.15,12362.71
OI00980-3,O00980,P053,3,0.0,13026.84
OI00980-4,O00980,P003,3,0.15,12596.16
OI00981-1,O00981,P079,1,0.0,1769.37
OI00981-2,O00981,P020,1,0.1,1136.57
OI00981-3,O00981,P021,1,0.15,650.5
OI00981-4,O00981,P058,3,0.0,11233.29
OI00982-1,O00982,P055,1,0.15,2028.47
OI00982-2,O00982,P064,2,0.2,3120.96
OI00982-3,O00982,P046,3,0.1,3680.02
OI00982-4,O00982,P012,1,0.0,2119.42
OI00983-1,O00983,P016,3,0.15,7585.1
OI00983-2,O00983,P015,2,0.0,2508.88
OI00984-1,O00984,P007,3,0.0,2498.52
OI00985-1,O00985,P076,3,0.05,5855.58
OI00985-2,O00985,P062,2,0.1,3552.89
OI00986-1,O00986,P002,2,0.15,4352.03
OI00986-2,O00986,P003,1,0.1,4445.7
OI00987-1,O00987,P013,1,0.0,3117.69
OI00987-2,O00987,P057,3,0.05,13763.7
OI00988-1,O00988,P064,3,0.15,4974.03
OI00988-2,O00988,P001,1,0.2,3798.27
OI00989-1,O00989,P016,3,0.2,7138.92
OI00989-2,O00989,P050,1,0.2,1609.8
OI00989-3,O00989,P054,1,0.15,2284.5
OI00989-4,O00989,P061,2,0.1,8017.43
OI00990-1,O00990,P074,1,0.15,3835.06
OI00990-2,O00990,P027,3,0.1,11267.83
OI00990-3,O00990,P051,1,0.0,1462.23
OI00990-4,O00990,P060,2,0.1,7311.58
OI00991-1,O00991,P063,2,0.1,2548.03
OI00992-1,O00992,P002,1,0.15,2176.02
OI00992-2,O00992,P031,2,0.0,791.56
OI00992-3,O00992,P019,2,0.2,1390.1
OI00992-4,O00992,P054,1,0.2,2150.12
OI00993-1,O00993,P014,2,0.15,4019.16
OI00993-2,O00993,P019,1,0.2,695.05
OI00993-3,O00993,P080,3,0.05,4879.46
OI00993-4,O00993,P018,3,0.0,2771.76
OI00994-1,O00994,P010,3,0.15,7252.94
OI00994-2,O00994,P077,2,0.05,9170.84
OI00994-3,O00994,P046,1,0.15,1158.52
OI00995-1,O00995,P012,3,0.05,6040.35
OI00995-2,O00995,P066,3,0.0,5166.03
OI00996-1,O00996,P054,1,0.05,2553.27
OI00996-2,O00996,P036,2,0.1,7996.23
OI00996-3,O00996,P052,1,0.0,2746.25
OI00996-4,O00996,P019,2,0.0,1737.62
OI00997-1,O00997,P044,1,0.15,3982.37
OI00997-2,O00997,P020,1,0.0,1262.86
OI00998-1,O00998,P076,3,0.0,6163.77
OI00999-1,O00999,P046,3,0.1,3680.02
OI00999-2,O00999,P016,3,0.0,8923.65
OI01000-1,O01000,P054,1,0.1,2418.89
OI01000-2,O01000,P067,2,0.1,6744.29
OI01000-3,O01000,P048,3,0.1,11247.44
OI01001-1,O01001,P024,1,0.0,3631.34
OI01001-2,O01001,P027,1,0.2,3338.62
OI01002-1,O01002,P076,3,0.0,6163.77
OI01002-2,O01002,P014,3,0.05,6738.0
OI01003-1,O01003,P043,1,0.0,3492.82
OI01003-2,O01003,P011,3,0.0,13357.5
OI01003-3,O01003,P007,3,0.0,2498.52
OI01003-4,O01003,P039,3,0.2,3801.31
OI01004-1,O01004,P031,1,0.2,316.62
OI01004-2,O01004,P006,1,0.05,2634.6
OI01005-1,O01005,P051,1,0.05,1389.12
OI01005-2,O01005,P067,3,0.05,10678.47
OI01005-3,O01005,P029,3,0.1,7575.09
OI01005-4,O01005,P074,1,0.15,3835.06
OI01006-1,O01006,P014,2,0.0,4728.42
OI01006-2,O01006,P002,1,0.0,2560.02
OI01006-3,O01006,P030,3,0.1,10941.91
OI01006-4,O01006,P006,1,0.0,2773.26
OI01007-1,O01007,P007,2,0.05,1582.4
OI01008-1,O01008,P067,3,0.05,10678.47
OI01008-2,O01008,P066,2,0.15,2927.42
OI01009-1,O01009,P039,3,0.0,4751.64
OI01010-1,O01010,P052,1,0.1,2471.62
OI01010-2,O01010,P061,3,0.1,12026.15
OI01011-1,O01011,P011,1,0.15,3784.62
OI01011-2,O01011,P031,1,0.0,395.78
OI01012-1,O01012,P012,2,0.0,4238.84
OI01012-2,O01012,P016,2,0.0,5949.1
OI01012-3,O01012,P025,3,0.1,7806.81
OI01012-4,O01012,P047,3,0.05,10361.74
OI01013-1,O01013,P011,2,0.0,8905.0
OI01013-2,O01013,P026,2,0.0,8529.7
OI01013-3,O01013,P037,3,0.0,8741.16
OI01013-4,O01013,P032,2,0.05,9211.43
OI01014-1,O01014,P034,3,0.2,9778.56
OI01014-2,O01014,P008,3,0.15,12064.71
OI01014-3,O01014,P032,1,0.15,4120.9
OI01014-4,O01014,P030,3,0.0,12157.68
OI01015-1,O01015,P079,3,0.0,5308.11
OI01015-2,O01015,P010,2,0.1,5119.72
OI01015-3,O01015,P022,1,0.2,1157.28
OI01016-1,O01016,P032,3,0.0,14544.36
OI01016-2,O01016,P077,1,0.15,4102.75
OI01016-3,O01016,P017,2,0.0,3641.24
OI01017-1,O01017,P024,2,0.0,7262.68
OI01017-2,O01017,P058,2,0.15,6365.53
OI01017-3,O01017,P030,2,0.0,8105.12
OI01018-1,O01018,P019,2,0.2,1390.1
OI01018-2,O01018,P002,2,0.0,5120.04
OI01019-1,O01019,P037,3,0.2,6992.93
OI01020-1,O01020,P041,2,0.1,4822.97
OI01020-2,O01020,P022,2,0.0,2893.2
OI01020-3,O01020,P080,2,0.2,2739.34
OI01021-1,O01021,P054,2,0.15,4569.01
OI01021-2,O01021,P067,3,0.15,9554.42
OI01022-1,O01022,P038,1,0.15,2903.22
OI01023-1,O01023,P015,1,0.15,1066.27
OI01023-2,O01023,P062,3,0.0,5921.49
OI01023-3,O01023,P052,3,0.15,7002.94
OI01024-1,O01024,P036,2,0.2,7107.76
OI01024-2,O01024,P070,2,0.2,3502.77
OI01024-3,O01024,P030,2,0.05,7699.86
OI01024-4,O01024,P003,2,0.2,7903.47
OI01025-1,O01025,P009,1,0.2,2474.3
OI01025-2,O01025,P047,2,0.2,5817.12
OI01026-1,O01026,P025,1,0.2,2313.13
OI01026-2,O01026,P059,2,0.2,2510.08
OI01026-3,O01026,P038,1,0.0,3415.55
OI01027-1,O01027,P039,2,0.15,2692.6
OI01028-1,O01028,P037,2,0.1,5244.7
OI01028-2,O01028,P001,3,0.2,11394.82
OI01028-3,O01028,P036,1,0.05,4220.23
OI01029-1,O01029,P058,2,0.0,7488.86
OI01029-2,O01029,P021,2,0.0,1530.58
OI01029-3,O01029,P031,2,0.05,751.98
OI01030-1,O01030,P071,3,0.2,7121.78
OI01030-2,O01030,P041,3,0.2,6430.63
OI01031-1,O01031,P020,3,0.1,3409.72
OI01031-2,O01031,P003,2,0.15,8397.44
OI01032-1,O01032,P077,3,0.15,12308.24
OI01033-1,O01033,P078,2,0.0,8768.0
OI01033-2,O01033,P021,2,0.15,1300.99
OI01033-3,O01033,P002,3,0.05,7296.06
OI01034-1,O01034,P029,2,0.2,4488.94
OI01035-1,O01035,P010,3,0.0,8532.87
OI01035-2,O01035,P070,1,0.1,1970.31
OI01036-1,O01036,P010,1,0.15,2417.65
OI01037-1,O01037,P028,3,0.1,10436.8
OI01037-2,O01037,P011,3,0.05,12689.62
OI01037-3,O01037,P016,3,0.1,8031.29
OI01038-1,O01038,P054,3,0.2,6450.36
OI01039-1,O01039,P014,2,0.0,4728.42
OI01039-2,O01039,P057,3,0.1,13039.3
OI01040-1,O01040,P031,2,0.05,751.98
OI01040-2,O01040,P025,2,0.0,5782.82
OI01041-1,O01041,P003,2,0.1,8891.41
OI01041-2,O01041,P040,2,0.0,5879.66
OI01042-1,O01042,P024,2,0.1,6536.41
OI01042-2,O01042,P072,2,0.0,3095.72
OI01042-3,O01042,P018,2,0.0,1847.84
OI01042-4,O01042,P039,2,0.0,3167.76
OI01043-1,O01043,P012,1,0.2,1695.54
OI01043-2,O01043,P079,3,0.2,4246.49
OI01043-3,O01043,P029,1,0.2,2244.47
OI01043-4,O01043,P056,3,0.0,12804.45
OI01044-1,O01044,P006,2,0.1,4991.87
OI01045-1,O01045,P050,2,0.05,3823.27
OI01046-1,O01046,P078,1,0.2,3507.2
OI01046-2,O01046,P048,3,0.05,11872.3
OI01047-1,O01047,P019,3,0.05,2476.11
OI01047-2,O01047,P059,3,0.2,3765.12
OI01047-3,O01047,P073,1,0.05,1200.67
OI01047-4,O01047,P050,2,0.1,3622.05
OI01048-1,O01048,P022,2,0.05,2748.54
OI01048-2,O01048,P001,1,0.0,4747.84
OI01048-3,O01048,P075,3,0.1,6130.67
OI01049-1,O01049,P060,2,0.2,6499.18
OI01049-2,O01049,P019,2,0.0,1737.62
OI01049-3,O01049,P006,2,0.1,4991.87
OI01050-1,O01050,P017,2,0.15,3095.05
OI01051-1,O01051,P009,1,0.15,2628.95
OI01051-2,O01051,P026,1,0.05,4051.61
OI01052-1,O01052,P047,3,0.1,9816.39
OI01053-1,O01053,P059,3,0.15,4000.44
OI01053-2,O01053,P078,2,0.0,8768.0
OI01053-3,O01053,P016,1,0.15,2528.37
OI01054-1,O01054,P074,3,0.1,12181.94
OI01055-1,O01055,P076,3,0.2,4931.02
OI01055-2,O01055,P043,2,0.0,6985.64
OI01056-1,O01056,P035,2,0.15,5621.81
OI01056-2,O01056,P038,3,0.15,8709.65
OI01056-3,O01056,P003,3,0.0,14819.01
OI01057-1,O01057,P028,1,0.2,3092.38
OI01057-2,O01057,P001,3,0.0,14243.52
OI01057-3,O01057,P029,1,0.2,2244.47
OI01058-1,O01058,P078,1,0.15,3726.4
OI01058-2,O01058,P015,2,0.0,2508.88
OI01058-3,O01058,P058,1,0.05,3557.21
OI01058-4,O01058,P066,2,0.2,2755.22
OI01059-1,O01059,P066,1,0.0,1722.01
OI01059-2,O01059,P007,3,0.15,2123.74
OI01059-3,O01059,P076,1,0.2,1643.67
OI01059-4,O01059,P075,1,0.0,2270.62
OI01060-1,O01060,P068,3,0.05,4073.16
OI01061-1,O01061,P006,2,0.0,5546.52
OI01061-2,O01061,P052,1,0.1,2471.62
OI01061-3,O01061,P079,1,0.0,1769.37
OI01061-4,O01061,P026,2,0.1,7676.73
OI01062-1,O01062,P012,2,0.2,3391.07
OI01063-1,O01063,P017,2,0.1,3277.12
OI01064-1,O01064,P060,3,0.2,9748.78
OI01064-2,O01064,P027,2,0.0,8346.54
OI01064-3,O01064,P071,1,0.2,2373.93
OI01064-4,O01064,P015,1,0.1,1129.0
OI01065-1,O01065,P060,3,0.0,12185.97
OI01065-2,O01065,P025,3,0.05,8240.52
OI01065-3,O01065,P069,3,0.1,12666.67
OI01066-1,O01066,P066,1,0.2,1377.61
OI01066-2,O01066,P041,1,0.05,2545.46
OI01066-3,O01066,P028,1,0.15,3285.66
OI01067-1,O01067,P010,2,0.0,5688.58
OI01068-1,O01068,P077,2,0.15,8205.49
OI01068-2,O01068,P075,3,0.1,6130.67
OI01069-1,O01069,P010,1,0.05,2702.08
OI01069-2,O01069,P030,3,0.1,10941.91
OI01069-3,O01069,P052,3,0.05,7826.81
OI01070-1,O01070,P071,1,0.0,2967.41
OI01071-1,O01071,P028,3,0.1,10436.8
OI01071-2,O01071,P036,3,0.05,12660.7
OI01071-3,O01071,P012,2,0.15,3603.01
OI01071-4,O01071,P040,1,0.0,2939.83
OI01072-1,O01072,P029,1,0.05,2665.31
OI01073-1,O01073,P060,3,0.15,10358.07
OI01073-2,O01073,P002,2,0.0,5120.04
OI01074-1,O01074,P036,1,0.0,4442.35
OI01074-2,O01074,P067,2,0.2,5994.93
OI01074-3,O01074,P058,3,0.05,10671.63
OI01075-1,O01075,P073,3,0.1,3412.42
OI01076-1,O01076,P015,3,0.15,3198.82
OI01077-1,O01077,P044,1,0.1,4216.63
OI01078-1,O01078,P046,1,0.2,1090.38
OI01079-1,O01079,P013,2,0.15,5300.07
OI01079-2,O01079,P008,1,0.15,4021.57
OI01080-1,O01080,P015,1,0.0,1254.44
OI01080-2,O01080,P077,3,0.2,11584.22
OI01080-3,O01080,P006,3,0.1,7487.8
OI01080-4,O01080,P047,1,0.05,3453.91
OI01081-1,O01081,P067,1,0.0,3746.83
OI01082-1,O01082,P016,3,0.15,7585.1
OI01082-2,O01082,P002,2,0.0,5120.04
OI01082-3,O01082,P071,2,0.05,5638.08
OI01082-4,O01082,P040,1,0.0,2939.83
OI01083-1,O01083,P045,2,0.0,9662.94
OI01084-1,O01084,P036,2,0.2,7107.76
OI01084-2,O01084,P007,2,0.1,1499.11
OI01084-3,O01084,P032,2,0.0,9696.24
OI01084-4,O01084,P005,2,0.15,8197.88
OI01085-1,O01085,P067,1,0.15,3184.81
OI01085-2,O01085,P064,1,0.0,1950.6
OI01085-3,O01085,P057,3,0.0,14488.11
OI01086-1,O01086,P060,3,0.05,11576.67
OI01086-2,O01086,P058,1,0.2,2995.54
OI01086-3,O01086,P044,2,0.0,9370.28
OI01086-4,O01086,P012,2,0.05,4026.9
OI01087-1,O01087,P001,1,0.15,4035.66
OI01088-1,O01088,P074,3,0.1,12181.94
OI01088-2,O01088,P071,1,0.1,2670.67
OI01088-3,O01088,P006,1,0.0,2773.26
OI01088-4,O01088,P029,3,0.05,7995.93
OI01089-1,O01089,P011,2,0.2,7124.0
OI01090-1,O01090,P058,3,0.0,11233.29
OI01090-2,O01090,P012,1,0.1,1907.48
OI01090-3,O01090,P013,2,0.0,6235.38
OI01090-4,O01090,P034,1,0.1,3666.96
OI01091-1,O01091,P047,2,0.15,6180.69
OI01091-2,O01091,P052,3,0.15,7002.94
OI01091-3,O01091,P075,1,0.0,2270.62
OI01092-1,O01092,P046,1,0.05,1294.82
OI01092-2,O01092,P053,1,0.0,4342.28
OI01093-1,O01093,P058,3,0.15,9548.3
OI01093-2,O01093,P047,1,0.1,3272.13
OI01093-3,O01093,P046,1,0.05,1294.82
OI01094-1,O01094,P009,1,0.2,2474.3
OI01094-2,O01094,P002,3,0.15,6528.05
OI01094-3,O01094,P052,3,0.0,8238.75
OI01094-4,O01094,P001,1,0.0,4747.84
OI01095-1,O01095,P076,3,0.0,6163.77
OI01095-2,O01095,P052,3,0.1,7414.88
OI01095-3,O01095,P063,2,0.2,2264.91
OI01096-1,O01096,P067,3,0.0,11240.49
OI01096-2,O01096,P017,1,0.05,1729.59
OI01096-3,O01096,P050,3,0.0,6036.75
OI01097-1,O01097,P021,3,0.15,1951.49
OI01098-1,O01098,P035,3,0.0,9920.85
OI01098-2,O01098,P055,1,0.0,2386.43
OI01098-3,O01098,P004,2,0.0,2198.3
OI01099-1,O01099,P032,2,0.15,8241.8
OI01099-2,O01099,P041,3,0.1,7234.46
OI01099-3,O01099,P033,1,0.2,3009.08
OI01100-1,O01100,P070,3,0.1,5910.92
OI01101-1,O01101,P075,3,0.1,6130.67
OI01101-2,O01101,P058,2,0.0,7488.86
OI01101-3,O01101,P039,1,0.15,1346.3
OI01102-1,O01102,P061,1,0.0,4454.13
OI01102-2,O01102,P026,2,0.1,7676.73
OI01102-3,O01102,P050,3,0.0,6036.75
OI01103-1,O01103,P074,3,0.05,12858.72
OI01103-2,O01103,P012,2,0.1,3814.96
OI01103-3,O01103,P034,1,0.0,4074.4
OI01103-4,O01103,P063,3,0.0,4246.71
OI01104-1,O01104,P018,1,0.0,923.92
OI01104-2,O01104,P064,3,0.0,5851.8
OI01104-3,O01104,P007,2,0.0,1665.68
OI01104-4,O01104,P079,1,0.2,1415.5
OI01105-1,O01105,P017,1,0.0,1820.62
OI01105-2,O01105,P030,2,0.0,8105.12
OI01105-3,O01105,P063,1,0.15,1203.23
OI01105-4,O01105,P027,3,0.2,10015.85
OI01106-1,O01106,P069,1,0.15,3987.66
OI01106-2,O01106,P046,1,0.15,1158.52
OI01107-1,O01107,P078,2,0.05,8329.6
OI01107-2,O01107,P073,3,0.0,3791.58
OI01108-1,O01108,P053,3,0.0,13026.84
OI01108-2,O01108,P062,2,0.15,3355.51
OI01109-1,O01109,P014,1,0.15,2009.58
OI01110-1,O01110,P069,1,0.0,4691.36
OI01110-2,O01110,P072,3,0.1,4179.22
OI01110-3,O01110,P005,1,0.1,4340.05
OI01110-4,O01110,P060,3,0.05,11576.67
OI01111-1,O01111,P051,2,0.15,2485.79
OI01111-2,O01111,P040,2,0.1,5291.69
OI01111-3,O01111,P020,2,0.05,2399.43
OI01111-4,O01111,P059,3,0.2,3765.12
OI01112-1,O01112,P007,1,0.0,832.84
OI01112-2,O01112,P044,3,0.2,11244.34
OI01113-1,O01113,P010,1,0.15,2417.65
OI01113-2,O01113,P016,3,0.05,8477.47
OI01113-3,O01113,P068,1,0.0,1429.18
OI01113-4,O01113,P015,1,0.05,1191.72
OI01114-1,O01114,P051,1,0.1,1316.01
OI01114-2,O01114,P049,1,0.0,2568.37
OI01114-3,O01114,P075,3,0.1,6130.67
OI01114-4,O01114,P009,2,0.1,5567.18
OI01115-1,O01115,P074,3,0.0,13535.49
OI01116-1,O01116,P077,1,0.1,4344.08
OI01116-2,O01116,P036,3,0.0,13327.05
OI01117-1,O01117,P077,3,0.05,13756.27
OI01117-2,O01117,P052,3,0.15,7002.94
OI01117-3,O01117,P065,3,0.1,11838.12
OI01117-4,O01117,P076,2,0.2,3287.34
OI01118-1,O01118,P018,1,0.0,923.92
OI01118-2,O01118,P060,3,0.2,9748.78
OI01118-3,O01118,P005,1,0.0,4822.28
OI01119-1,O01119,P076,1,0.05,1951.86
OI01119-2,O01119,P080,1,0.0,1712.09
OI01120-1,O01120,P028,2,0.05,7344.41
OI01121-1,O01121,P047,3,0.0,10907.1
OI01121-2,O01121,P033,3,0.1,10155.65
OI01122-1,O01122,P015,3,0.0,3763.32
OI01122-2,O01122,P064,2,0.1,3511.08
OI01122-3,O01122,P004,1,0.0,1099.15
OI01123-1,O01123,P021,1,0.0,765.29
OI01123-2,O01123,P009,2,0.2,4948.61
OI01124-1,O01124,P067,1,0.0,3746.83
OI01125-1,O01125,P058,3,0.0,11233.29
OI01126-1,O01126,P007,2,0.0,1665.68
OI01126-2,O01126,P056,2,0.05,8109.48
OI01126-3,O01126,P064,1,0.2,1560.48
OI01126-4,O01126,P027,2,0.0,8346.54
OI01127-1,O01127,P045,1,0.0,4831.47
OI01127-2,O01127,P041,2,0.05,5090.92
OI01128-1,O01128,P018,1,0.0,923.92
OI01129-1,O01129,P004,2,0.05,2088.39
OI01130-1,O01130,P027,2,0.1,7511.89
OI01130-2,O01130,P007,3,0.05,2373.59
OI01131-1,O01131,P052,1,0.05,2608.94
OI01132-1,O01132,P051,3,0.1,3948.02
OI01133-1,O01133,P015,2,0.0,2508.88
OI01134-1,O01134,P051,3,0.0,4386.69
OI01134-2,O01134,P045,1,0.15,4106.75
OI01134-3,O01134,P028,1,0.0,3865.48
OI01135-1,O01135,P049,1,0.15,2183.11
OI01135-2,O01135,P003,1,0.0,4939.67
OI01136-1,O01136,P019,2,0.0,1737.62
OI01136-2,O01136,P026,3,0.2,10235.64
OI01136-3,O01136,P015,3,0.2,3010.66
OI01137-1,O01137,P045,3,0.0,14494.41
OI01137-2,O01137,P018,3,0.15,2356.0
OI01137-3,O01137,P061,1,0.15,3786.01
OI01138-1,O01138,P054,3,0.0,8062.95
OI01138-2,O01138,P035,3,0.0,9920.85
OI01139-1,O01139,P009,1,0.0,3092.88
OI01139-2,O01139,P015,3,0.2,3010.66
OI01139-3,O01139,P007,3,0.15,2123.74
OI01139-4,O01139,P011,1,0.15,3784.62
OI01140-1,O01140,P080,2,0.15,2910.55
OI01140-2,O01140,P069,1,0.0,4691.36
OI01140-3,O01140,P047,1,0.0,3635.7
OI01140-4,O01140,P075,2,0.05,4314.18
OI01141-1,O01141,P075,1,0.0,2270.62
OI01141-2,O01141,P031,3,0.0,1187.34
OI01141-3,O01141,P054,3,0.0,8062.95
OI01142-1,O01142,P011,2,0.0,8905.0
OI01142-2,O01142,P005,2,0.2,7715.65
OI01143-1,O01143,P055,1,0.0,2386.43
OI01143-2,O01143,P061,2,0.05,8462.85
OI01143-3,O01143,P058,2,0.05,7114.42
OI01143-4,O01143,P007,1,0.2,666.27
OI01144-1,O01144,P068,2,0.0,2858.36
OI01144-2,O01144,P032,1,0.2,3878.5
OI01145-1,O01145,P039,2,0.0,3167.76
OI01145-2,O01145,P062,2,0.2,3158.13
OI01145-3,O01145,P063,3,0.1,3822.04
OI01145-4,O01145,P076,3,0.0,6163.77
OI01146-1,O01146,P075,3,0.0,6811.86
OI01146-2,O01146,P060,1,0.1,3655.79
OI01146-3,O01146,P079,3,0.0,5308.11
OI01147-1,O01147,P014,2,0.0,4728.42
OI01147-2,O01147,P005,2,0.2,7715.65
OI01148-1,O01148,P031,3,0.15,1009.24
OI01148-2,O01148,P034,3,0.0,12223.2
OI01148-3,O01148,P049,3,0.15,6549.34
OI01149-1,O01149,P064,2,0.2,3120.96
OI01150-1,O01150,P064,1,0.0,1950.6
OI01151-1,O01151,P004,3,0.0,3297.45
OI01151-2,O01151,P078,2,0.05,8329.6
OI01151-3,O01151,P061,2,0.1,8017.43
OI01152-1,O01152,P076,3,0.15,5239.2
OI01152-2,O01152,P024,1,0.05,3449.77
OI01152-3,O01152,P003,3,0.2,11855.21
OI01153-1,O01153,P039,3,0.0,4751.64
OI01153-2,O01153,P034,2,0.2,6519.04
OI01154-1,O01154,P052,1,0.1,2471.62
OI01155-1,O01155,P047,3,0.0,10907.1
OI01155-2,O01155,P035,3,0.1,8928.76
OI01155-3,O01155,P078,1,0.1,3945.6
OI01155-4,O01155,P026,1,0.1,3838.37
OI01156-1,O01156,P078,3,0.05,12494.4
OI01157-1,O01157,P023,2,0.2,7200.05
OI01158-1,O01158,P006,3,0.0,8319.78
OI01159-1,O01159,P036,1,0.05,4220.23
OI01159-2,O01159,P006,1,0.15,2357.27
OI01159-3,O01159,P002,1,0.2,2048.02
OI01160-1,O01160,P064,3,0.05,5559.21
OI01160-2,O01160,P051,2,0.05,2778.24
OI01160-3,O01160,P022,2,0.05,2748.54
OI01160-4,O01160,P070,1,0.0,2189.23
OI01161-1,O01161,P008,2,0.2,7570.02
OI01161-2,O01161,P042,3,0.15,2176.3
OI01161-3,O01161,P057,3,0.1,13039.3
OI01162-1,O01162,P016,2,0.0,5949.1
OI01162-2,O01162,P020,2,0.15,2146.86
OI01163-1,O01163,P041,1,0.1,2411.49
OI01163-2,O01163,P029,1,0.0,2805.59
OI01163-3,O01163,P047,3,0.15,9271.03
OI01164-1,O01164,P038,1,0.2,2732.44
OI01164-2,O01164,P078,3,0.05,12494.4
OI01164-3,O01164,P008,1,0.2,3785.01
OI01165-1,O01165,P027,2,0.1,7511.89
OI01165-2,O01165,P039,1,0.1,1425.49
OI01165-3,O01165,P053,2,0.0,8684.56
OI01165-4,O01165,P022,3,0.05,4122.81
OI01166-1,O01166,P065,2,0.1,7892.08
OI01167-1,O01167,P065,3,0.0,13153.47
OI01167-2,O01167,P041,2,0.2,4287.09
OI01167-3,O01167,P017,2,0.1,3277.12
OI01167-4,O01167,P047,2,0.1,6544.26
OI01168-1,O01168,P010,2,0.1,5119.72
OI01169-1,O01169,P025,1,0.2,2313.13
OI01169-2,O01169,P058,2,0.15,6365.53
OI01170-1,O01170,P009,3,0.0,9278.64
OI01170-2,O01170,P034,1,0.05,3870.68
OI01171-1,O01171,P050,3,0.0,6036.75
OI01171-2,O01171,P045,1,0.0,4831.47
OI01172-1,O01172,P061,1,0.2,3563.3
OI01173-1,O01173,P005,2,0.0,9644.56
OI01173-2,O01173,P018,1,0.0,923.92
OI01174-1,O01174,P029,1,0.05,2665.31
OI01174-2,O01174,P046,2,0.1,2453.35
OI01175-1,O01175,P017,2,0.1,3277.12
OI01175-2,O01175,P046,1,0.0,1362.97
OI01175-3,O01175,P055,2,0.2,3818.29
OI01176-1,O01176,P041,2,0.1,4822.97
OI01176-2,O01176,P020,2,0.15,2146.86
OI01176-3,O01176,P074,3,0.15,11505.17
OI01176-4,O01176,P012,2,0.2,3391.07
OI01177-1,O01177,P053,2,0.15,7381.88
OI01178-1,O01178,P021,1,0.2,612.23
OI01178-2,O01178,P073,1,0.0,1263.86
OI01178-3,O01178,P028,3,0.0,11596.44
OI01179-1,O01179,P020,3,0.2,3030.86
OI01180-1,O01180,P059,2,0.0,3137.6
OI01180-2,O01180,P061,2,0.0,8908.26
OI01180-3,O01180,P002,1,0.1,2304.02
OI01181-1,O01181,P079,1,0.05,1680.9
OI01182-1,O01182,P007,2,0.05,1582.4
OI01182-2,O01182,P001,1,0.15,4035.66
OI01182-3,O01182,P040,1,0.15,2498.86
OI01182-4,O01182,P053,3,0.05,12375.5
OI01183-1,O01183,P003,1,0.15,4198.72
OI01183-2,O01183,P008,3,0.0,14193.78
OI01183-3,O01183,P002,3,0.1,6912.05
OI01184-1,O01184,P079,1,0.0,1769.37
OI01184-2,O01184,P005,2,0.15,8197.88
OI01184-3,O01184,P056,1,0.2,3414.52
OI01184-4,O01184,P058,3,0.2,8986.63
OI01185-1,O01185,P063,3,0.15,3609.7
OI01185-2,O01185,P036,2,0.0,8884.7
OI01185-3,O01185,P018,2,0.15,1570.66
OI01186-1,O01186,P007,2,0.0,1665.68
OI01187-1,O01187,P074,2,0.05,8572.48
OI01188-1,O01188,P017,1,0.1,1638.56
OI01188-2,O01188,P077,2,0.0,9653.52
OI01188-3,O01188,P020,1,0.1,1136.57
OI01188-4,O01188,P079,3,0.0,5308.11
OI01189-1,O01189,P007,3,0.0,2498.52
OI01189-2,O01189,P045,2,0.2,7730.35
OI01189-3,O01189,P071,1,0.15,2522.3
OI01189-4,O01189,P051,3,0.0,4386.69
OI01190-1,O01190,P047,1,0.0,3635.7
OI01190-2,O01190,P075,1,0.0,2270.62
OI01190-3,O01190,P007,1,0.2,666.27
OI01191-1,O01191,P068,1,0.0,1429.18
OI01191-2,O01191,P009,3,0.1,8350.78
OI01191-3,O01191,P038,2,0.05,6489.55
OI01192-1,O01192,P014,2,0.0,4728.42
OI01192-2,O01192,P011,2,0.0,8905.0
OI01193-1,O01193,P012,3,0.0,6358.26
OI01193-2,O01193,P061,1,0.0,4454.13
OI01193-3,O01193,P002,1,0.15,2176.02
OI01193-4,O01193,P043,1,0.05,3318.18
OI01194-1,O01194,P051,3,0.1,3948.02
OI01195-1,O01195,P051,3,0.15,3728.69
OI01196-1,O01196,P017,3,0.0,5461.86
OI01196-2,O01196,P039,3,0.0,4751.64
OI01197-1,O01197,P037,3,0.0,8741.16
OI01197-2,O01197,P015,3,0.15,3198.82
OI01198-1,O01198,P011,3,0.15,11353.88
OI01199-1,O01199,P009,1,0.0,3092.88
OI01199-2,O01199,P066,2,0.2,2755.22
OI01199-3,O01199,P036,3,0.0,13327.05
OI01199-4,O01199,P064,1,0.15,1658.01
OI01200-1,O01200,P039,1,0.05,1504.69
OI01201-1,O01201,P061,1,0.0,4454.13
OI01202-1,O01202,P041,1,0.15,2277.52
OI01202-2,O01202,P072,3,0.0,4643.58
OI01202-3,O01202,P046,1,0.15,1158.52
OI01203-1,O01203,P013,2,0.05,5923.61
OI01203-2,O01203,P005,2,0.05,9162.33
OI01204-1,O01204,P015,1,0.15,1066.27
OI01204-2,O01204,P078,3,0.1,11836.8
OI01204-3,O01204,P046,1,0.05,1294.82
OI01204-4,O01204,P014,3,0.0,7092.63
OI01205-1,O01205,P006,3,0.05,7903.79
OI01206-1,O01206,P056,2,0.0,8536.3
OI01206-2,O01206,P055,2,0.05,4534.22
OI01206-3,O01206,P015,1,0.1,1129.0
OI01207-1,O01207,P026,1,0.05,4051.61
OI01208-1,O01208,P048,2,0.1,7498.3
OI01208-2,O01208,P013,3,0.0,9353.07
OI01208-3,O01208,P042,2,0.0,1706.9
OI01208-4,O01208,P076,3,0.15,5239.2
OI01209-1,O01209,P059,3,0.05,4471.08
OI01209-2,O01209,P071,1,0.1,2670.67
OI01209-3,O01209,P048,1,0.0,4165.72
OI01209-4,O01209,P018,3,0.2,2217.41
OI01210-1,O01210,P054,3,0.05,7659.8
OI01210-2,O01210,P049,3,0.0,7705.11
OI01211-1,O01211,P030,2,0.0,8105.12
OI01211-2,O01211,P046,2,0.05,2589.64
OI01211-3,O01211,P062,3,0.15,5033.27
OI01211-4,O01211,P043,2,0.0,6985.64
OI01212-1,O01212,P052,3,0.0,8238.75
OI01212-2,O01212,P004,1,0.2,879.32
OI01212-3,O01212,P062,3,0.1,5329.34
OI01213-1,O01213,P050,1,0.0,2012.25
OI01213-2,O01213,P054,3,0.1,7256.66
OI01214-1,O01214,P065,1,0.0,4384.49
OI01214-2,O01214,P046,3,0.05,3884.46
OI01215-1,O01215,P050,1,0.1,1811.03
OI01216-1,O01216,P038,1,0.0,3415.55
OI01216-2,O01216,P072,3,0.1,4179.22
OI01217-1,O01217,P063,2,0.1,2548.03
OI01218-1,O01218,P030,2,0.0,8105.12
OI01218-2,O01218,P043,2,0.2,5588.51
OI01219-1,O01219,P040,2,0.05,5585.68
OI01219-2,O01219,P031,3,0.05,1127.97
OI01220-1,O01220,P061,1,0.05,4231.42
OI01221-1,O01221,P005,2,0.1,8680.1
OI01221-2,O01221,P004,1,0.05,1044.19
OI01221-3,O01221,P036,1,0.0,4442.35
OI01222-1,O01222,P055,2,0.2,3818.29
OI01222-2,O01222,P007,3,0.15,2123.74
OI01222-3,O01222,P030,2,0.1,7294.61
OI01223-1,O01223,P008,1,0.0,4731.26
OI01224-1,O01224,P066,1,0.1,1549.81
OI01224-2,O01224,P006,1,0.0,2773.26
OI01225-1,O01225,P070,2,0.15,3721.69
OI01225-2,O01225,P075,1,0.05,2157.09
OI01225-3,O01225,P011,2,0.15,7569.25
OI01226-1,O01226,P022,3,0.05,4122.81
OI01226-2,O01226,P041,1,0.1,2411.49
OI01226-3,O01226,P029,1,0.1,2525.03
OI01226-4,O01226,P026,1,0.15,3625.12
OI01227-1,O01227,P053,2,0.2,6947.65
OI01227-2,O01227,P075,1,0.0,2270.62
OI01228-1,O01228,P026,2,0.1,7676.73
OI01228-2,O01228,P074,3,0.05,12858.72
OI01228-3,O01228,P023,1,0.05,4275.03
OI01229-1,O01229,P026,1,0.15,3625.12
OI01230-1,O01230,P024,2,0.1,6536.41
OI01230-2,O01230,P012,2,0.1,3814.96
OI01230-3,O01230,P055,3,0.2,5727.43
OI01231-1,O01231,P036,2,0.15,7552.0
OI01231-2,O01231,P009,2,0.1,5567.18
OI01231-3,O01231,P068,2,0.2,2286.69
OI01231-4,O01231,P060,1,0.1,3655.79
OI01232-1,O01232,P009,3,0.0,9278.64
OI01232-2,O01232,P015,1,0.0,1254.44
OI01233-1,O01233,P028,3,0.0,11596.44
OI01233-2,O01233,P011,1,0.0,4452.5
OI01233-3,O01233,P022,2,0.2,2314.56
OI01234-1,O01234,P047,1,0.1,3272.13
OI01234-2,O01234,P022,2,0.05,2748.54
OI01234-3,O01234,P011,2,0.1,8014.5
OI01235-1,O01235,P026,3,0.05,12154.82
OI01235-2,O01235,P014,2,0.2,3782.74
OI01235-3,O01235,P045,3,0.15,12320.25
OI01236-1,O01236,P040,1,0.2,2351.86
OI01236-2,O01236,P027,2,0.15,7094.56
OI01237-1,O01237,P028,1,0.15,3285.66
OI01237-2,O01237,P062,3,0.0,5921.49
OI01237-3,O01237,P021,1,0.0,765.29
OI01238-1,O01238,P062,3,0.0,5921.49
OI01238-2,O01238,P025,3,0.15,7373.1
OI01238-3,O01238,P078,3,0.0,13152.0
OI01238-4,O01238,P010,1,0.0,2844.29
OI01239-1,O01239,P015,1,0.0,1254.44
OI01239-2,O01239,P047,1,0.0,3635.7
OI01239-3,O01239,P067,3,0.1,10116.44
OI01240-1,O01240,P009,2,0.1,5567.18
OI01240-2,O01240,P035,2,0.0,6613.9
OI01240-3,O01240,P060,1,0.1,3655.79
OI01241-1,O01241,P026,1,0.1,3838.37
OI01241-2,O01241,P047,2,0.1,6544.26
OI01242-1,O01242,P039,1,0.15,1346.3
OI01242-2,O01242,P017,2,0.0,3641.24
OI01243-1,O01243,P051,3,0.0,4386.69
OI01243-2,O01243,P059,2,0.15,2666.96
OI01243-3,O01243,P012,1,0.05,2013.45
OI01244-1,O01244,P007,1,0.05,791.2
OI01244-2,O01244,P046,3,0.2,3271.13
OI01244-3,O01244,P061,3,0.0,13362.39
OI01244-4,O01244,P030,1,0.0,4052.56
OI01245-1,O01245,P072,2,0.05,2940.93
OI01245-2,O01245,P017,3,0.1,4915.67
OI01245-3,O01245,P047,1,0.1,3272.13
OI01245-4,O01245,P078,3,0.2,10521.6
OI01246-1,O01246,P079,3,0.1,4777.3
OI01246-2,O01246,P014,3,0.05,6738.0
OI01247-1,O01247,P004,3,0.0,3297.45
OI01248-1,O01248,P023,2,0.0,9000.06
OI01249-1,O01249,P015,3,0.15,3198.82
OI01250-1,O01250,P077,2,0.0,9653.52
OI01250-2,O01250,P073,2,0.05,2401.33
OI01250-3,O01250,P006,3,0.0,8319.78
OI01250-4,O01250,P044,2,0.15,7964.74
OI01251-1,O01251,P042,1,0.0,853.45
OI01252-1,O01252,P041,1,0.05,2545.46
OI01252-2,O01252,P065,2,0.1,7892.08
OI01253-1,O01253,P046,1,0.0,1362.97
OI01254-1,O01254,P068,3,0.0,4287.54
OI01254-2,O01254,P053,2,0.0,8684.56
OI01255-1,O01255,P022,3,0.15,3688.83
OI01255-2,O01255,P073,3,0.2,3033.26
OI01255-3,O01255,P077,1,0.0,4826.76
OI01256-1,O01256,P062,3,0.2,4737.19
OI01256-2,O01256,P029,3,0.15,7154.25
OI01257-1,O01257,P022,3,0.05,4122.81
OI01257-2,O01257,P058,2,0.05,7114.42
OI01258-1,O01258,P077,3,0.0,14480.28
OI01258-2,O01258,P079,2,0.0,3538.74
OI01258-3,O01258,P068,1,0.05,1357.72
OI01258-4,O01258,P036,1,0.0,4442.35
OI01259-1,O01259,P021,3,0.2,1836.7
OI01259-2,O01259,P078,3,0.1,11836.8
OI01260-1,O01260,P045,3,0.1,13044.97
OI01260-2,O01260,P023,1,0.1,4050.03
OI01261-1,O01261,P006,3,0.1,7487.8
OI01261-2,O01261,P045,2,0.15,8213.5
OI01262-1,O01262,P039,3,0.15,4038.89
OI01262-2,O01262,P058,3,0.2,8986.63
OI01262-3,O01262,P079,1,0.2,1415.5
OI01263-1,O01263,P033,1,0.0,3761.35
OI01263-2,O01263,P014,1,0.0,2364.21
OI01263-3,O01263,P078,2,0.2,7014.4
OI01263-4,O01263,P004,2,0.0,2198.3
OI01264-1,O01264,P023,3,0.1,12150.08
OI01264-2,O01264,P036,3,0.15,11327.99
OI01265-1,O01265,P073,3,0.0,3791.58
OI01265-2,O01265,P060,2,0.0,8123.98
OI01265-3,O01265,P078,1,0.1,3945.6
OI01266-1,O01266,P077,2,0.0,9653.52
OI01267-1,O01267,P022,3,0.05,4122.81
OI01267-2,O01267,P073,2,0.05,2401.33
OI01268-1,O01268,P075,3,0.05,6471.27
OI01268-2,O01268,P011,1,0.2,3562.0
OI01268-3,O01268,P074,3,0.0,13535.49
OI01269-1,O01269,P031,1,0.15,336.41
OI01270-1,O01270,P064,3,0.05,5559.21
OI01270-2,O01270,P019,1,0.2,695.05
OI01270-3,O01270,P069,3,0.05,13370.38
OI01271-1,O01271,P015,2,0.05,2383.44
OI01271-2,O01271,P022,3,0.1,3905.82
OI01271-3,O01271,P008,2,0.2,7570.02
OI01272-1,O01272,P030,1,0.1,3647.3
OI01272-2,O01272,P070,3,0.05,6239.31
OI01273-1,O01273,P043,2,0.1,6287.08
OI01274-1,O01274,P070,3,0.1,5910.92
OI01275-1,O01275,P049,1,0.2,2054.7
OI01275-2,O01275,P053,2,0.1,7816.1
OI01276-1,O01276,P033,1,0.2,3009.08
OI01276-2,O01276,P063,3,0.2,3397.37
OI01276-3,O01276,P041,2,0.0,5358.86
OI01276-4,O01276,P053,3,0.1,11724.16
OI01277-1,O01277,P032,3,0.05,13817.14
OI01277-2,O01277,P039,1,0.2,1267.1
OI01277-3,O01277,P044,3,0.1,12649.88
OI01277-4,O01277,P070,3,0.0,6567.69
OI01278-1,O01278,P064,3,0.05,5559.21
OI01279-1,O01279,P011,3,0.15,11353.88
OI01279-2,O01279,P024,3,0.15,9259.92
OI01279-3,O01279,P017,2,0.15,3095.05
OI01279-4,O01279,P035,3,0.1,8928.76
OI01280-1,O01280,P064,1,0.0,1950.6
OI01280-2,O01280,P022,3,0.05,4122.81
OI01281-1,O01281,P023,2,0.05,8550.06
OI01281-2,O01281,P003,2,0.2,7903.47
OI01282-1,O01282,P024,1,0.0,3631.34
OI01282-2,O01282,P018,2,0.0,1847.84
OI01282-3,O01282,P054,3,0.0,8062.95
OI01283-1,O01283,P077,1,0.0,4826.76
OI01283-2,O01283,P026,2,0.1,7676.73
OI01283-3,O01283,P051,1,0.2,1169.78
OI01284-1,O01284,P002,2,0.1,4608.04
OI01284-2,O01284,P063,3,0.1,3822.04
OI01284-3,O01284,P012,3,0.05,6040.35
OI01285-1,O01285,P049,1,0.0,2568.37
OI01286-1,O01286,P071,2,0.2,4747.86
OI01286-2,O01286,P009,3,0.15,7886.84
OI01287-1,O01287,P069,1,0.15,3987.66
OI01288-1,O01288,P019,1,0.15,738.49
OI01289-1,O01289,P007,1,0.0,832.84
OI01290-1,O01290,P016,1,0.05,2825.82
OI01290-2,O01290,P079,1,0.0,1769.37
OI01290-3,O01290,P010,3,0.1,7679.58
OI01291-1,O01291,P065,2,0.0,8768.98
OI01291-2,O01291,P024,3,0.0,10894.02
OI01291-3,O01291,P073,1,0.1,1137.47
OI01291-4,O01291,P020,3,0.0,3788.58
OI01292-1,O01292,P027,3,0.0,12519.81
OI01293-1,O01293,P003,1,0.1,4445.7
OI01293-2,O01293,P030,2,0.2,6484.1
OI01293-3,O01293,P010,2,0.15,4835.29
OI01294-1,O01294,P045,3,0.05,13769.69
OI01294-2,O01294,P012,2,0.15,3603.01
OI01295-1,O01295,P063,3,0.05,4034.37
OI01295-2,O01295,P014,1,0.15,2009.58
OI01295-3,O01295,P056,1,0.1,3841.33
OI01296-1,O01296,P026,3,0.0,12794.55
OI01297-1,O01297,P040,3,0.0,8819.49
OI01297-2,O01297,P013,2,0.05,5923.61
OI01297-3,O01297,P076,1,0.0,2054.59
OI01297-4,O01297,P072,1,0.15,1315.68
OI01298-1,O01298,P047,2,0.2,5817.12
OI01299-1,O01299,P034,2,0.05,7741.36
OI01300-1,O01300,P056,2,0.0,8536.3
OI01301-1,O01301,P070,1,0.0,2189.23
OI01301-2,O01301,P075,2,0.05,4314.18
OI01301-3,O01301,P080,1,0.0,1712.09
OI01302-1,O01302,P064,3,0.2,4681.44
OI01302-2,O01302,P010,1,0.05,2702.08
OI01302-3,O01302,P080,3,0.1,4622.64
OI01302-4,O01302,P075,1,0.15,1930.03
OI01303-1,O01303,P040,2,0.0,5879.66
OI01303-2,O01303,P001,3,0.2,11394.82
OI01303-3,O01303,P050,3,0.05,5734.91
OI01303-4,O01303,P010,1,0.0,2844.29
OI01304-1,O01304,P031,1,0.1,356.2
OI01304-2,O01304,P008,1,0.05,4494.7
OI01304-3,O01304,P016,3,0.0,8923.65
OI01305-1,O01305,P066,2,0.1,3099.62
OI01305-2,O01305,P019,1,0.2,695.05
OI01306-1,O01306,P016,3,0.0,8923.65
OI01306-2,O01306,P039,2,0.0,3167.76
OI01306-3,O01306,P018,3,0.2,2217.41
OI01307-1,O01307,P077,3,0.15,12308.24
OI01308-1,O01308,P047,3,0.05,10361.74
OI01308-2,O01308,P046,2,0.1,2453.35
OI01308-3,O01308,P065,3,0.05,12495.8
OI01309-1,O01309,P004,1,0.05,1044.19
OI01309-2,O01309,P060,2,0.2,6499.18
OI01309-3,O01309,P080,1,0.0,1712.09
OI01309-4,O01309,P016,2,0.15,5056.74
OI01310-1,O01310,P041,3,0.0,8038.29
OI01311-1,O01311,P077,1,0.15,4102.75
OI01311-2,O01311,P019,1,0.0,868.81
OI01311-3,O01311,P030,2,0.15,6889.35
OI01312-1,O01312,P008,2,0.0,9462.52
OI01312-2,O01312,P001,2,0.2,7596.54
OI01312-3,O01312,P022,1,0.0,1446.6
OI01313-1,O01313,P025,2,0.05,5493.68
OI01313-2,O01313,P033,2,0.0,7522.7
OI01313-3,O01313,P021,2,0.1,1377.52
OI01314-1,O01314,P005,1,0.0,4822.28
OI01314-2,O01314,P059,3,0.0,4706.4
OI01315-1,O01315,P024,2,0.2,5810.14
OI01315-2,O01315,P008,1,0.05,4494.7
OI01316-1,O01316,P050,1,0.05,1911.64
OI01316-2,O01316,P063,1,0.2,1132.46
OI01316-3,O01316,P040,1,0.05,2792.84
OI01316-4,O01316,P018,1,0.05,877.72
OI01317-1,O01317,P027,2,0.05,7929.21
OI01318-1,O01318,P056,3,0.05,12164.23
OI01318-2,O01318,P018,2,0.0,1847.84
OI01318-3,O01318,P016,2,0.0,5949.1
OI01318-4,O01318,P067,3,0.0,11240.49
OI01319-1,O01319,P039,1,0.1,1425.49
OI01319-2,O01319,P007,2,0.0,1665.68
OI01320-1,O01320,P052,1,0.0,2746.25
OI01320-2,O01320,P022,1,0.1,1301.94
OI01320-3,O01320,P029,2,0.05,5330.62
OI01321-1,O01321,P068,1,0.2,1143.34
OI01322-1,O01322,P068,1,0.0,1429.18
OI01323-1,O01323,P019,3,0.05,2476.11
OI01323-2,O01323,P056,1,0.0,4268.15
OI01324-1,O01324,P012,3,0.15,5404.52
OI01325-1,O01325,P009,2,0.1,5567.18
OI01325-2,O01325,P026,2,0.15,7250.25
OI01326-1,O01326,P064,1,0.0,1950.6
OI01327-1,O01327,P036,3,0.05,12660.7
OI01327-2,O01327,P050,1,0.1,1811.03
OI01328-1,O01328,P023,3,0.05,12825.09
OI01328-2,O01328,P062,2,0.0,3947.66
OI01328-3,O01328,P075,2,0.0,4541.24
OI01328-4,O01328,P047,3,0.2,8725.68
OI01329-1,O01329,P003,1,0.15,4198.72
OI01329-2,O01329,P022,2,0.0,2893.2
OI01329-3,O01329,P046,3,0.1,3680.02
OI01330-1,O01330,P036,3,0.0,13327.05
OI01330-2,O01330,P057,2,0.1,8692.87
OI01331-1,O01331,P053,1,0.2,3473.82
OI01331-2,O01331,P016,1,0.15,2528.37
OI01332-1,O01332,P045,2,0.15,8213.5
OI01332-2,O01332,P069,1,0.05,4456.79
OI01333-1,O01333,P065,3,0.05,12495.8
OI01333-2,O01333,P051,2,0.0,2924.46
OI01333-3,O01333,P071,1,0.05,2819.04
OI01334-1,O01334,P031,3,0.1,1068.61
OI01334-2,O01334,P043,2,0.15,5937.79
OI01335-1,O01335,P052,2,0.2,4394.0
OI01335-2,O01335,P030,3,0.05,11549.8
OI01335-3,O01335,P012,3,0.1,5722.43
OI01336-1,O01336,P078,2,0.05,8329.6
OI01337-1,O01337,P037,1,0.1,2622.35
OI01337-2,O01337,P012,3,0.1,5722.43
OI01338-1,O01338,P073,1,0.0,1263.86
OI01339-1,O01339,P075,2,0.2,3632.99
OI01339-2,O01339,P078,2,0.05,8329.6
OI01340-1,O01340,P050,2,0.0,4024.5
OI01340-2,O01340,P059,1,0.2,1255.04
OI01341-1,O01341,P046,2,0.2,2180.75
OI01341-2,O01341,P048,2,0.2,6665.15
OI01341-3,O01341,P019,1,0.0,868.81
OI01341-4,O01341,P053,2,0.15,7381.88
OI01342-1,O01342,P073,1,0.1,1137.47
OI01343-1,O01343,P027,3,0.05,11893.82
OI01343-2,O01343,P018,3,0.0,2771.76
OI01344-1,O01344,P022,3,0.05,4122.81
OI01344-2,O01344,P074,2,0.0,9023.66
OI01345-1,O01345,P010,3,0.05,8106.23
OI01345-2,O01345,P062,2,0.05,3750.28
OI01345-3,O01345,P037,2,0.2,4661.95
OI01346-1,O01346,P079,2,0.2,2830.99
OI01346-2,O01346,P057,3,0.2,11590.49
OI01346-3,O01346,P018,2,0.0,1847.84
OI01347-1,O01347,P035,1,0.0,3306.95
OI01347-2,O01347,P012,3,0.0,6358.26
OI01347-3,O01347,P029,1,0.2,2244.47
OI01348-1,O01348,P031,1,0.0,395.78
OI01349-1,O01349,P016,2,0.0,5949.1
OI01350-1,O01350,P006,3,0.15,7071.81
OI01350-2,O01350,P011,3,0.15,11353.88
OI01350-3,O01350,P045,3,0.2,11595.53
OI01351-1,O01351,P059,2,0.0,3137.6
OI01351-2,O01351,P061,1,0.1,4008.72
OI01351-3,O01351,P002,2,0.05,4864.04
OI01351-4,O01351,P014,1,0.0,2364.21
OI01352-1,O01352,P016,1,0.0,2974.55
OI01352-2,O01352,P033,1,0.1,3385.22
OI01352-3,O01352,P045,3,0.05,13769.69
OI01352-4,O01352,P034,2,0.15,6926.48
OI01353-1,O01353,P020,2,0.0,2525.72
OI01353-2,O01353,P044,2,0.05,8901.77
OI01354-1,O01354,P014,3,0.0,7092.63
OI01354-2,O01354,P076,1,0.1,1849.13
OI01354-3,O01354,P062,2,0.0,3947.66
OI01355-1,O01355,P024,3,0.0,10894.02
OI01355-2,O01355,P073,2,0.0,2527.72
OI01355-3,O01355,P080,3,0.1,4622.64
OI01355-4,O01355,P012,1,0.2,1695.54
OI01356-1,O01356,P063,3,0.0,4246.71
OI01356-2,O01356,P032,1,0.0,4848.12
OI01356-3,O01356,P009,3,0.1,8350.78
OI01357-1,O01357,P057,2,0.1,8692.87
OI01357-2,O01357,P003,3,0.0,14819.01
OI01357-3,O01357,P075,2,0.0,4541.24
OI01358-1,O01358,P060,1,0.15,3452.69
OI01359-1,O01359,P017,1,0.15,1547.53
OI01359-2,O01359,P005,2,0.15,8197.88
OI01360-1,O01360,P026,3,0.1,11515.1
OI01361-1,O01361,P029,3,0.0,8416.77
OI01361-2,O01361,P008,3,0.1,12774.4
OI01362-1,O01362,P028,1,0.0,3865.48
OI01362-2,O01362,P043,3,0.15,8906.69
OI01362-3,O01362,P078,1,0.0,4384.0
OI01363-1,O01363,P079,1,0.0,1769.37
OI01363-2,O01363,P074,2,0.0,9023.66
OI01364-1,O01364,P075,1,0.1,2043.56
OI01365-1,O01365,P068,1,0.15,1214.8
OI01366-1,O01366,P020,3,0.0,3788.58
OI01366-2,O01366,P038,3,0.15,8709.65
OI01366-3,O01366,P013,3,0.2,7482.46
OI01366-4,O01366,P021,2,0.0,1530.58
OI01367-1,O01367,P011,3,0.1,12021.75
OI01367-2,O01367,P075,1,0.0,2270.62
OI01367-3,O01367,P019,3,0.0,2606.43
OI01367-4,O01367,P028,3,0.0,11596.44
OI01368-1,O01368,P032,3,0.15,12362.71
OI01369-1,O01369,P035,1,0.0,3306.95
OI01370-1,O01370,P050,1,0.0,2012.25
OI01370-2,O01370,P068,1,0.0,1429.18
OI01370-3,O01370,P027,2,0.15,7094.56
OI01370-4,O01370,P006,2,0.2,4437.22
OI01371-1,O01371,P014,2,0.2,3782.74
OI01371-2,O01371,P016,3,0.0,8923.65
OI01371-3,O01371,P001,2,0.05,9020.9
OI01372-1,O01372,P014,2,0.0,4728.42
OI01372-2,O01372,P028,2,0.2,6184.77
OI01372-3,O01372,P015,1,0.1,1129.0
OI01373-1,O01373,P059,3,0.0,4706.4
OI01373-2,O01373,P058,1,0.2,2995.54
OI01374-1,O01374,P035,1,0.1,2976.26
OI01375-1,O01375,P068,1,0.0,1429.18
OI01375-2,O01375,P030,1,0.2,3242.05
OI01376-1,O01376,P001,1,0.0,4747.84
OI01376-2,O01376,P069,1,0.0,4691.36
OI01377-1,O01377,P016,3,0.05,8477.47
OI01377-2,O01377,P027,1,0.0,4173.27
OI01378-1,O01378,P012,1,0.2,1695.54
OI01378-2,O01378,P070,3,0.1,5910.92
OI01378-3,O01378,P016,3,0.0,8923.65
OI01379-1,O01379,P048,3,0.1,11247.44
OI01379-2,O01379,P054,2,0.15,4569.01
OI01380-1,O01380,P039,1,0.0,1583.88
OI01380-2,O01380,P007,2,0.2,1332.54
OI01381-1,O01381,P005,3,0.0,14466.84
OI01381-2,O01381,P064,1,0.15,1658.01
OI01381-3,O01381,P034,2,0.15,6926.48
OI01382-1,O01382,P058,1,0.0,3744.43
OI01382-2,O01382,P027,1,0.1,3755.94
OI01382-3,O01382,P055,3,0.2,5727.43
OI01382-4,O01382,P039,1,0.05,1504.69
OI01383-1,O01383,P011,3,0.15,11353.88
OI01384-1,O01384,P072,2,0.15,2631.36
OI01385-1,O01385,P057,3,0.15,12314.89
OI01385-2,O01385,P029,1,0.0,2805.59
OI01385-3,O01385,P003,2,0.05,9385.37
OI01385-4,O01385,P008,2,0.0,9462.52
OI01386-1,O01386,P030,1,0.0,4052.56
OI01387-1,O01387,P039,1,0.2,1267.1
OI01388-1,O01388,P045,1,0.0,4831.47
OI01389-1,O01389,P031,1,0.0,395.78
OI01389-2,O01389,P045,2,0.0,9662.94
OI01389-3,O01389,P041,2,0.15,4555.03
OI01390-1,O01390,P036,3,0.0,13327.05
OI01390-2,O01390,P063,2,0.0,2831.14
OI01390-3,O01390,P024,2,0.2,5810.14
OI01390-4,O01390,P025,3,0.0,8674.23
OI01391-1,O01391,P054,3,0.15,6853.51
OI01391-2,O01391,P010,1,0.0,2844.29
OI01392-1,O01392,P049,2,0.2,4109.39
OI01392-2,O01392,P045,3,0.2,11595.53
OI01392-3,O01392,P061,3,0.2,10689.91
OI01392-4,O01392,P048,1,0.0,4165.72
OI01393-1,O01393,P023,1,0.0,4500.03
OI01393-2,O01393,P045,3,0.2,11595.53
OI01393-3,O01393,P004,2,0.0,2198.3
OI01393-4,O01393,P040,1,0.2,2351.86
OI01394-1,O01394,P074,2,0.1,8121.29
OI01394-2,O01394,P001,2,0.1,8546.11
OI01394-3,O01394,P042,3,0.15,2176.3
OI01395-1,O01395,P044,2,0.05,8901.77
OI01395-2,O01395,P028,2,0.0,7730.96
OI01395-3,O01395,P032,3,0.2,11635.49
OI01395-4,O01395,P046,3,0.05,3884.46
OI01396-1,O01396,P011,2,0.15,7569.25
OI01397-1,O01397,P036,2,0.05,8440.47
OI01397-2,O01397,P039,2,0.0,3167.76
OI01398-1,O01398,P052,3,0.05,7826.81
OI01398-2,O01398,P061,2,0.1,8017.43
OI01399-1,O01399,P047,3,0.05,10361.74
OI01400-1,O01400,P013,1,0.0,3117.69
OI01400-2,O01400,P035,3,0.1,8928.76
OI01401-1,O01401,P023,2,0.0,9000.06
OI01402-1,O01402,P050,3,0.15,5131.24
OI01402-2,O01402,P067,3,0.05,10678.47
OI01402-3,O01402,P061,1,0.05,4231.42
OI01402-4,O01402,P019,1,0.0,868.81
OI01403-1,O01403,P056,3,0.1,11524.0
OI01403-2,O01403,P061,1,0.15,3786.01
OI01403-3,O01403,P058,2,0.0,7488.86
OI01404-1,O01404,P011,2,0.1,8014.5
OI01405-1,O01405,P012,2,0.0,4238.84
OI01405-2,O01405,P028,3,0.05,11016.62
OI01405-3,O01405,P045,3,0.0,14494.41
OI01405-4,O01405,P044,1,0.2,3748.11
OI01406-1,O01406,P032,1,0.05,4605.71
OI01406-2,O01406,P079,1,0.0,1769.37
OI01407-1,O01407,P049,3,0.0,7705.11
OI01407-2,O01407,P022,1,0.2,1157.28
OI01408-1,O01408,P066,3,0.15,4391.13
OI01409-1,O01409,P022,2,0.0,2893.2
OI01409-2,O01409,P012,1,0.2,1695.54
OI01409-3,O01409,P041,2,0.1,4822.97
OI01409-4,O01409,P035,2,0.0,6613.9
OI01410-1,O01410,P012,1,0.1,1907.48
OI01410-2,O01410,P032,1,0.05,4605.71
OI01411-1,O01411,P037,1,0.2,2330.98
OI01411-2,O01411,P064,1,0.15,1658.01
OI01411-3,O01411,P010,1,0.05,2702.08
OI01412-1,O01412,P073,3,0.0,3791.58
OI01412-2,O01412,P039,2,0.1,2850.98
OI01412-3,O01412,P009,3,0.15,7886.84
OI01413-1,O01413,P003,3,0.2,11855.21
OI01413-2,O01413,P073,1,0.15,1074.28
OI01413-3,O01413,P006,2,0.0,5546.52
OI01414-1,O01414,P025,1,0.0,2891.41
OI01414-2,O01414,P072,1,0.2,1238.29
OI01414-3,O01414,P034,2,0.05,7741.36
OI01415-1,O01415,P054,1,0.15,2284.5
OI01415-2,O01415,P017,3,0.2,4369.49
OI01416-1,O01416,P007,3,0.0,2498.52
OI01416-2,O01416,P070,1,0.1,1970.31
OI01417-1,O01417,P065,1,0.0,4384.49
OI01418-1,O01418,P070,2,0.0,4378.46
OI01418-2,O01418,P060,3,0.0,12185.97
OI01419-1,O01419,P039,2,0.2,2534.21
OI01419-2,O01419,P076,2,0.0,4109.18
OI01419-3,O01419,P052,3,0.2,6591.0
OI01419-4,O01419,P080,2,0.15,2910.55
OI01420-1,O01420,P044,2,0.0,9370.28
OI01420-2,O01420,P030,1,0.1,3647.3
OI01421-1,O01421,P039,1,0.15,1346.3
OI01421-2,O01421,P016,2,0.0,5949.1
OI01422-1,O01422,P075,1,0.0,2270.62
OI01423-1,O01423,P057,3,0.0,14488.11
OI01424-1,O01424,P052,2,0.0,5492.5
OI01424-2,O01424,P031,2,0.1,712.4
OI01424-3,O01424,P051,3,0.15,3728.69
OI01424-4,O01424,P067,3,0.0,11240.49
OI01425-1,O01425,P012,1,0.1,1907.48
OI01425-2,O01425,P009,3,0.0,9278.64
OI01425-3,O01425,P068,3,0.0,4287.54
OI01425-4,O01425,P008,1,0.0,4731.26
OI01426-1,O01426,P068,1,0.0,1429.18
OI01427-1,O01427,P026,1,0.15,3625.12
OI01427-2,O01427,P016,2,0.05,5651.65
OI01428-1,O01428,P020,1,0.0,1262.86
OI01428-2,O01428,P060,2,0.0,8123.98
OI01429-1,O01429,P017,2,0.0,3641.24
OI01429-2,O01429,P078,2,0.0,8768.0
OI01429-3,O01429,P055,2,0.0,4772.86
OI01430-1,O01430,P029,3,0.1,7575.09
OI01430-2,O01430,P024,2,0.1,6536.41
OI01430-3,O01430,P012,1,0.0,2119.42
OI01430-4,O01430,P078,3,0.05,12494.4
OI01431-1,O01431,P011,3,0.05,12689.62
OI01431-2,O01431,P072,1,0.0,1547.86
OI01432-1,O01432,P053,3,0.2,10421.47
OI01432-2,O01432,P058,3,0.0,11233.29
OI01432-3,O01432,P024,2,0.05,6899.55
OI01433-1,O01433,P046,3,0.0,4088.91
OI01433-2,O01433,P044,2,0.05,8901.77
OI01433-3,O01433,P009,3,0.15,7886.84
OI01433-4,O01433,P068,1,0.2,1143.34
OI01434-1,O01434,P076,1,0.15,1746.4
OI01435-1,O01435,P030,3,0.0,12157.68
OI01436-1,O01436,P050,1,0.2,1609.8
OI01436-2,O01436,P061,2,0.0,8908.26
OI01436-3,O01436,P073,3,0.15,3222.84
OI01437-1,O01437,P062,1,0.05,1875.14
OI01437-2,O01437,P016,1,0.15,2528.37
OI01437-3,O01437,P044,3,0.0,14055.42
OI01438-1,O01438,P062,3,0.0,5921.49
OI01439-1,O01439,P008,3,0.0,14193.78
OI01440-1,O01440,P012,1,0.1,1907.48
OI01441-1,O01441,P010,1,0.05,2702.08
OI01441-2,O01441,P014,2,0.0,4728.42
OI01442-1,O01442,P041,1,0.0,2679.43
OI01442-2,O01442,P022,2,0.05,2748.54
OI01442-3,O01442,P045,3,0.0,14494.41
OI01443-1,O01443,P001,1,0.2,3798.27
OI01443-2,O01443,P013,3,0.0,9353.07
OI01443-3,O01443,P072,3,0.0,4643.58
OI01444-1,O01444,P021,2,0.1,1377.52
OI01444-2,O01444,P045,1,0.0,4831.47
OI01445-1,O01445,P052,2,0.0,5492.5
OI01445-2,O01445,P038,3,0.2,8197.32
OI01445-3,O01445,P056,3,0.15,10883.78
OI01446-1,O01446,P006,2,0.15,4714.54
OI01446-2,O01446,P067,1,0.05,3559.49
OI01446-3,O01446,P031,1,0.0,395.78
OI01446-4,O01446,P063,1,0.0,1415.57
OI01447-1,O01447,P001,3,0.15,12106.99
OI01447-2,O01447,P064,1,0.0,1950.6
OI01447-3,O01447,P047,3,0.05,10361.74
OI01448-1,O01448,P053,1,0.0,4342.28
OI01449-1,O01449,P054,2,0.2,4300.24
OI01449-2,O01449,P070,2,0.2,3502.77
OI01449-3,O01449,P043,1,0.2,2794.26
OI01449-4,O01449,P039,2,0.05,3009.37
OI01450-1,O01450,P011,2,0.15,7569.25
OI01450-2,O01450,P020,3,0.0,3788.58
OI01450-3,O01450,P004,2,0.15,1868.56
OI01450-4,O01450,P066,2,0.0,3444.02
OI01451-1,O01451,P075,3,0.1,6130.67
OI01451-2,O01451,P034,3,0.2,9778.56
OI01451-3,O01451,P060,1,0.0,4061.99
OI01452-1,O01452,P045,2,0.1,8696.65
OI01452-2,O01452,P002,1,0.15,2176.02
OI01452-3,O01452,P079,3,0.2,4246.49
OI01452-4,O01452,P042,1,0.0,853.45
OI01453-1,O01453,P052,1,0.15,2334.31
OI01453-2,O01453,P065,2,0.1,7892.08
OI01453-3,O01453,P069,2,0.15,7975.31
OI01454-1,O01454,P044,3,0.0,14055.42
OI01455-1,O01455,P037,3,0.1,7867.04
OI01455-2,O01455,P057,2,0.2,7726.99
OI01455-3,O01455,P036,1,0.2,3553.88
OI01456-1,O01456,P029,2,0.05,5330.62
OI01456-2,O01456,P006,3,0.2,6655.82
OI01457-1,O01457,P042,2,0.1,1536.21
OI01457-2,O01457,P044,1,0.05,4450.88
OI01457-3,O01457,P033,1,0.05,3573.28
OI01457-4,O01457,P072,2,0.05,2940.93
OI01458-1,O01458,P069,3,0.0,14074.08
OI01458-2,O01458,P024,2,0.05,6899.55
OI01458-3,O01458,P005,1,0.0,4822.28
OI01459-1,O01459,P066,1,0.2,1377.61
OI01460-1,O01460,P056,2,0.0,8536.3
OI01460-2,O01460,P077,3,0.05,13756.27
OI01460-3,O01460,P040,1,0.2,2351.86
OI01460-4,O01460,P052,2,0.1,4943.25
OI01461-1,O01461,P014,1,0.05,2246.0
OI01461-2,O01461,P049,2,0.0,5136.74
OI01461-3,O01461,P079,3,0.0,5308.11
OI01461-4,O01461,P051,2,0.2,2339.57
OI01462-1,O01462,P026,2,0.2,6823.76
OI01462-2,O01462,P055,3,0.15,6085.4
OI01463-1,O01463,P006,3,0.0,8319.78
OI01463-2,O01463,P036,3,0.15,11327.99
OI01463-3,O01463,P012,3,0.15,5404.52
OI01464-1,O01464,P063,3,0.15,3609.7
OI01464-2,O01464,P027,1,0.2,3338.62
OI01465-1,O01465,P005,3,0.0,14466.84
OI01466-1,O01466,P024,2,0.05,6899.55
OI01466-2,O01466,P060,2,0.0,8123.98
OI01467-1,O01467,P013,2,0.2,4988.3
OI01467-2,O01467,P040,1,0.05,2792.84
OI01467-3,O01467,P007,3,0.0,2498.52
OI01468-1,O01468,P067,2,0.2,5994.93
OI01469-1,O01469,P019,2,0.05,1650.74
OI01470-1,O01470,P032,1,0.05,4605.71
OI01470-2,O01470,P014,2,0.2,3782.74
OI01470-3,O01470,P007,2,0.05,1582.4
OI01471-1,O01471,P061,2,0.0,8908.26
OI01472-1,O01472,P053,1,0.05,4125.17
OI01472-2,O01472,P031,3,0.2,949.87
OI01473-1,O01473,P045,1,0.1,4348.32
OI01473-2,O01473,P025,1,0.0,2891.41
OI01473-3,O01473,P063,3,0.05,4034.37
OI01473-4,O01473,P022,1,0.15,1229.61
OI01474-1,O01474,P007,1,0.1,749.56
OI01474-2,O01474,P004,1,0.1,989.24
OI01474-3,O01474,P056,3,0.15,10883.78
OI01474-4,O01474,P037,2,0.1,5244.7
OI01475-1,O01475,P078,1,0.15,3726.4
OI01475-2,O01475,P070,3,0.05,6239.31
OI01475-3,O01475,P037,3,0.05,8304.1
OI01475-4,O01475,P045,3,0.1,13044.97
OI01476-1,O01476,P044,3,0.0,14055.42
OI01476-2,O01476,P068,1,0.0,1429.18
OI01476-3,O01476,P062,3,0.2,4737.19
OI01477-1,O01477,P034,3,0.2,9778.56
OI01477-2,O01477,P023,2,0.0,9000.06
OI01477-3,O01477,P010,1,0.15,2417.65
OI01478-1,O01478,P054,2,0.2,4300.24
OI01478-2,O01478,P039,3,0.2,3801.31
OI01478-3,O01478,P023,3,0.15,11475.08
OI01479-1,O01479,P073,2,0.0,2527.72
OI01480-1,O01480,P020,1,0.15,1073.43
OI01480-2,O01480,P054,3,0.15,6853.51
OI01480-3,O01480,P031,2,0.0,791.56
OI01480-4,O01480,P052,3,0.0,8238.75
OI01481-1,O01481,P003,3,0.0,14819.01
OI01481-2,O01481,P074,3,0.2,10828.39
OI01482-1,O01482,P067,1,0.0,3746.83
OI01482-2,O01482,P071,3,0.2,7121.78
OI01483-1,O01483,P031,2,0.15,672.83
OI01483-2,O01483,P017,2,0.0,3641.24
OI01483-3,O01483,P007,1,0.05,791.2
OI01484-1,O01484,P027,3,0.2,10015.85
OI01484-2,O01484,P028,3,0.15,9856.97
OI01485-1,O01485,P001,2,0.2,7596.54
OI01485-2,O01485,P036,2,0.0,8884.7
OI01485-3,O01485,P033,3,0.1,10155.65
OI01485-4,O01485,P023,3,0.0,13500.09
OI01486-1,O01486,P040,3,0.2,7055.59
OI01487-1,O01487,P032,1,0.0,4848.12
OI01487-2,O01487,P002,2,0.15,4352.03
OI01487-3,O01487,P027,2,0.0,8346.54
OI01488-1,O01488,P018,1,0.1,831.53
OI01488-2,O01488,P029,3,0.15,7154.25
OI01488-3,O01488,P013,3,0.0,9353.07
OI01488-4,O01488,P016,1,0.0,2974.55
OI01489-1,O01489,P043,3,0.05,9954.54
OI01490-1,O01490,P003,1,0.15,4198.72
OI01490-2,O01490,P049,1,0.15,2183.11
OI01491-1,O01491,P022,1,0.05,1374.27
OI01491-2,O01491,P054,2,0.0,5375.3
OI01492-1,O01492,P017,1,0.2,1456.5
OI01492-2,O01492,P037,3,0.0,8741.16
OI01492-3,O01492,P070,3,0.2,5254.15
OI01493-1,O01493,P031,1,0.1,356.2
OI01494-1,O01494,P049,2,0.2,4109.39
OI01494-2,O01494,P028,3,0.1,10436.8
OI01494-3,O01494,P066,3,0.0,5166.03
OI01495-1,O01495,P007,1,0.1,749.56
OI01495-2,O01495,P073,1,0.0,1263.86
OI01496-1,O01496,P050,2,0.0,4024.5
OI01496-2,O01496,P016,1,0.0,2974.55
OI01497-1,O01497,P044,1,0.1,4216.63
OI01497-2,O01497,P079,1,0.05,1680.9
OI01497-3,O01497,P042,2,0.1,1536.21
OI01497-4,O01497,P023,3,0.1,12150.08
OI01498-1,O01498,P049,2,0.1,4623.07
OI01498-2,O01498,P065,1,0.0,4384.49
OI01498-3,O01498,P040,1,0.1,2645.85
OI01498-4,O01498,P080,3,0.0,5136.27
OI01499-1,O01499,P020,1,0.05,1199.72
OI01499-2,O01499,P033,1,0.1,3385.22
OI01499-3,O01499,P044,1,0.0,4685.14
OI01499-4,O01499,P022,3,0.15,3688.83
OI01500-1,O01500,P026,1,0.1,3838.37
OI01500-2,O01500,P060,2,0.0,8123.98
OI01500-3,O01500,P022,2,0.0,2893.2
OI01500-4,O01500,P039,2,0.1,2850.98
OI01501-1,O01501,P019,1,0.0,868.81
OI01502-1,O01502,P077,2,0.15,8205.49
OI01502-2,O01502,P057,1,0.0,4829.37
OI01503-1,O01503,P060,2,0.0,8123.98
OI01503-2,O01503,P017,1,0.1,1638.56
OI01504-1,O01504,P030,2,0.0,8105.12
OI01505-1,O01505,P016,3,0.05,8477.47
OI01505-2,O01505,P064,3,0.2,4681.44
OI01505-3,O01505,P060,3,0.15,10358.07
OI01506-1,O01506,P026,1,0.0,4264.85
OI01506-2,O01506,P002,2,0.0,5120.04
OI01506-3,O01506,P073,3,0.2,3033.26
OI01507-1,O01507,P076,2,0.0,4109.18
OI01507-2,O01507,P006,2,0.05,5269.19
OI01507-3,O01507,P003,1,0.15,4198.72
OI01508-1,O01508,P003,1,0.15,4198.72
OI01508-2,O01508,P072,1,0.15,1315.68
OI01508-3,O01508,P036,2,0.05,8440.47
OI01509-1,O01509,P004,1,0.0,1099.15
OI01509-2,O01509,P068,3,0.0,4287.54
OI01510-1,O01510,P063,3,0.2,3397.37
OI01511-1,O01511,P019,3,0.1,2345.79
OI01511-2,O01511,P002,1,0.05,2432.02
OI01512-1,O01512,P035,3,0.05,9424.81
OI01512-2,O01512,P038,2,0.0,6831.1
OI01512-3,O01512,P077,2,0.0,9653.52
OI01513-1,O01513,P031,2,0.05,751.98
OI01513-2,O01513,P039,3,0.0,4751.64
OI01514-1,O01514,P043,1,0.1,3143.54
OI01514-2,O01514,P070,1,0.2,1751.38
OI01515-1,O01515,P049,1,0.05,2439.95
OI01516-1,O01516,P014,2,0.15,4019.16
OI01517-1,O01517,P053,1,0.0,4342.28
OI01517-2,O01517,P072,1,0.2,1238.29
OI01517-3,O01517,P043,3,0.0,10478.46
OI01517-4,O01517,P066,1,0.05,1635.91
OI01518-1,O01518,P070,2,0.05,4159.54
OI01518-2,O01518,P049,3,0.05,7319.85
OI01519-1,O01519,P079,2,0.0,3538.74
OI01519-2,O01519,P028,2,0.2,6184.77
OI01519-3,O01519,P023,3,0.1,12150.08
OI01519-4,O01519,P032,2,0.0,9696.24
OI01520-1,O01520,P045,2,0.15,8213.5
OI01521-1,O01521,P037,2,0.15,4953.32
OI01521-2,O01521,P032,2,0.15,8241.8
OI01521-3,O01521,P014,1,0.0,2364.21
OI01522-1,O01522,P016,2,0.0,5949.1
OI01522-2,O01522,P008,2,0.15,8043.14
OI01523-1,O01523,P054,1,0.0,2687.65
OI01524-1,O01524,P039,3,0.0,4751.64
OI01525-1,O01525,P063,3,0.15,3609.7
OI01526-1,O01526,P004,3,0.1,2967.71
OI01526-2,O01526,P068,3,0.05,4073.16
OI01526-3,O01526,P041,1,0.0,2679.43
OI01527-1,O01527,P059,3,0.0,4706.4
OI01527-2,O01527,P042,2,0.2,1365.52
OI01527-3,O01527,P034,1,0.15,3463.24
OI01528-1,O01528,P025,3,0.15,7373.1
OI01528-2,O01528,P040,3,0.1,7937.54
OI01528-3,O01528,P005,3,0.0,14466.84
OI01529-1,O01529,P072,2,0.1,2786.15
OI01529-2,O01529,P054,2,0.15,4569.01
OI01529-3,O01529,P067,3,0.0,11240.49
OI01530-1,O01530,P077,1,0.15,4102.75
OI01530-2,O01530,P002,3,0.05,7296.06
OI01531-1,O01531,P019,1,0.05,825.37
OI01532-1,O01532,P002,2,0.2,4096.03
OI01532-2,O01532,P050,2,0.05,3823.27
OI01532-3,O01532,P011,1,0.05,4229.88
OI01532-4,O01532,P030,2,0.2,6484.1
OI01533-1,O01533,P028,3,0.0,11596.44
OI01534-1,O01534,P001,1,0.1,4273.06
OI01534-2,O01534,P040,2,0.05,5585.68
OI01534-3,O01534,P065,3,0.05,12495.8
OI01534-4,O01534,P045,2,0.1,8696.65
OI01535-1,O01535,P071,1,0.15,2522.3
OI01536-1,O01536,P019,1,0.15,738.49
OI01536-2,O01536,P012,3,0.05,6040.35
OI01537-1,O01537,P037,1,0.05,2768.03
OI01538-1,O01538,P063,1,0.1,1274.01
OI01538-2,O01538,P072,1,0.0,1547.86
OI01539-1,O01539,P038,1,0.15,2903.22
OI01540-1,O01540,P027,3,0.0,12519.81
OI01540-2,O01540,P079,3,0.1,4777.3
OI01540-3,O01540,P044,1,0.15,3982.37
OI01541-1,O01541,P030,1,0.05,3849.93
OI01541-2,O01541,P043,3,0.15,8906.69
OI01541-3,O01541,P014,2,0.0,4728.42
OI01542-1,O01542,P018,3,0.1,2494.58
OI01542-2,O01542,P062,2,0.0,3947.66
OI01542-3,O01542,P037,1,0.0,2913.72
OI01542-4,O01542,P012,3,0.1,5722.43
OI01543-1,O01543,P036,1,0.1,3998.12
OI01544-1,O01544,P018,2,0.15,1570.66
OI01545-1,O01545,P056,2,0.0,8536.3
OI01545-2,O01545,P016,1,0.2,2379.64
OI01545-3,O01545,P052,2,0.2,4394.0
OI01545-4,O01545,P057,2,0.05,9175.8
OI01546-1,O01546,P056,1,0.1,3841.33
OI01546-2,O01546,P004,1,0.15,934.28
OI01546-3,O01546,P072,3,0.15,3947.04
OI01546-4,O01546,P037,2,0.15,4953.32
OI01547-1,O01547,P073,2,0.15,2148.56
OI01547-2,O01547,P080,3,0.05,4879.46
OI01548-1,O01548,P061,2,0.0,8908.26
OI01548-2,O01548,P014,3,0.05,6738.0
OI01548-3,O01548,P080,1,0.05,1626.49
OI01548-4,O01548,P012,3,0.0,6358.26
OI01549-1,O01549,P027,3,0.05,11893.82
OI01549-2,O01549,P033,3,0.0,11284.05
OI01549-3,O01549,P013,1,0.0,3117.69
OI01549-4,O01549,P051,1,0.05,1389.12
OI01550-1,O01550,P006,3,0.1,7487.8
OI01551-1,O01551,P015,2,0.1,2257.99
OI01551-2,O01551,P069,2,0.15,7975.31
OI01552-1,O01552,P058,1,0.0,3744.43
OI01553-1,O01553,P062,1,0.05,1875.14
OI01553-2,O01553,P050,1,0.2,1609.8
OI01554-1,O01554,P078,1,0.15,3726.4
OI01554-2,O01554,P042,3,0.1,2304.32
OI01555-1,O01555,P022,2,0.0,2893.2
OI01555-2,O01555,P067,3,0.05,10678.47
OI01556-1,O01556,P052,3,0.2,6591.0
OI01556-2,O01556,P026,3,0.2,10235.64
OI01556-3,O01556,P022,3,0.0,4339.8
OI01556-4,O01556,P071,2,0.2,4747.86
OI01557-1,O01557,P053,2,0.0,8684.56
OI01557-2,O01557,P031,1,0.15,336.41
OI01558-1,O01558,P009,1,0.1,2783.59
OI01558-2,O01558,P064,1,0.05,1853.07
OI01558-3,O01558,P031,1,0.05,375.99
OI01558-4,O01558,P027,2,0.1,7511.89
OI01559-1,O01559,P068,2,0.05,2715.44
OI01559-2,O01559,P054,1,0.05,2553.27
OI01559-3,O01559,P030,3,0.2,9726.14
OI01560-1,O01560,P017,3,0.0,5461.86
OI01560-2,O01560,P041,2,0.1,4822.97
OI01560-3,O01560,P057,1,0.15,4104.96
OI01560-4,O01560,P016,2,0.0,5949.1
OI01561-1,O01561,P016,3,0.05,8477.47
OI01561-2,O01561,P015,2,0.15,2132.55
OI01562-1,O01562,P049,3,0.1,6934.6
OI01562-2,O01562,P035,1,0.1,2976.26
OI01563-1,O01563,P015,2,0.1,2257.99
OI01564-1,O01564,P028,3,0.0,11596.44
OI01564-2,O01564,P058,2,0.0,7488.86
OI01564-3,O01564,P032,1,0.2,3878.5
OI01565-1,O01565,P004,3,0.0,3297.45
OI01565-2,O01565,P029,1,0.05,2665.31
OI01565-3,O01565,P046,1,0.0,1362.97
OI01566-1,O01566,P029,1,0.05,2665.31
OI01566-2,O01566,P044,3,0.2,11244.34
OI01567-1,O01567,P059,1,0.05,1490.36
OI01568-1,O01568,P013,3,0.0,9353.07
OI01569-1,O01569,P061,2,0.0,8908.26
OI01569-2,O01569,P039,1,0.0,1583.88
OI01570-1,O01570,P079,3,0.1,4777.3
OI01571-1,O01571,P060,2,0.2,6499.18
OI01572-1,O01572,P033,2,0.1,6770.43
OI01573-1,O01573,P068,2,0.05,2715.44
OI01573-2,O01573,P016,1,0.0,2974.55
OI01574-1,O01574,P001,2,0.05,9020.9
OI01574-2,O01574,P002,1,0.1,2304.02
OI01574-3,O01574,P057,1,0.05,4587.9
OI01574-4,O01574,P011,3,0.1,12021.75
OI01575-1,O01575,P016,1,0.2,2379.64
OI01576-1,O01576,P032,3,0.1,13089.92
OI01576-2,O01576,P050,1,0.15,1710.41
OI01576-3,O01576,P033,2,0.05,7146.56
OI01576-4,O01576,P051,2,0.0,2924.46
OI01577-1,O01577,P037,3,0.05,8304.1
OI01577-2,O01577,P040,2,0.0,5879.66
OI01577-3,O01577,P034,1,0.2,3259.52
OI01577-4,O01577,P047,2,0.2,5817.12
OI01578-1,O01578,P067,1,0.2,2997.46
OI01578-2,O01578,P060,2,0.0,8123.98
OI01578-3,O01578,P016,2,0.15,5056.74
OI01578-4,O01578,P006,3,0.0,8319.78
OI01579-1,O01579,P058,1,0.05,3557.21
OI01579-2,O01579,P044,3,0.2,11244.34
OI01580-1,O01580,P019,1,0.15,738.49
OI01580-2,O01580,P001,3,0.1,12819.17
OI01580-3,O01580,P056,2,0.1,7682.67
OI01580-4,O01580,P077,1,0.15,4102.75
OI01581-1,O01581,P056,3,0.2,10243.56
OI01582-1,O01582,P056,1,0.0,4268.15
OI01582-2,O01582,P063,2,0.0,2831.14
OI01583-1,O01583,P013,3,0.05,8885.42
OI01583-2,O01583,P044,3,0.0,14055.42
OI01583-3,O01583,P022,3,0.0,4339.8
OI01584-1,O01584,P049,1,0.05,2439.95
OI01584-2,O01584,P018,2,0.05,1755.45
OI01585-1,O01585,P018,1,0.2,739.14
OI01585-2,O01585,P031,1,0.0,395.78
OI01586-1,O01586,P056,1,0.05,4054.74
OI01586-2,O01586,P017,3,0.1,4915.67
OI01586-3,O01586,P071,2,0.0,5934.82
OI01587-1,O01587,P049,2,0.0,5136.74
OI01587-2,O01587,P026,1,0.15,3625.12
OI01587-3,O01587,P015,2,0.15,2132.55
OI01587-4,O01587,P069,3,0.1,12666.67
OI01588-1,O01588,P026,2,0.05,8103.22
OI01589-1,O01589,P071,3,0.05,8457.12
OI01589-2,O01589,P023,1,0.2,3600.02
OI01589-3,O01589,P059,3,0.0,4706.4
OI01589-4,O01589,P004,1,0.0,1099.15
OI01590-1,O01590,P005,1,0.0,4822.28
OI01590-2,O01590,P028,1,0.0,3865.48
OI01591-1,O01591,P022,2,0.2,2314.56
OI01591-2,O01591,P001,2,0.0,9495.68
OI01591-3,O01591,P075,3,0.15,5790.08
OI01591-4,O01591,P036,2,0.05,8440.47
OI01592-1,O01592,P011,3,0.0,13357.5
OI01592-2,O01592,P032,1,0.05,4605.71
OI01593-1,O01593,P021,2,0.0,1530.58
OI01593-2,O01593,P032,1,0.05,4605.71
OI01594-1,O01594,P014,1,0.2,1891.37
OI01594-2,O01594,P009,1,0.05,2938.24
OI01595-1,O01595,P009,1,0.05,2938.24
OI01595-2,O01595,P051,1,0.1,1316.01
OI01595-3,O01595,P006,2,0.2,4437.22
OI01595-4,O01595,P001,2,0.15,8071.33
OI01596-1,O01596,P028,1,0.05,3672.21
OI01597-1,O01597,P008,3,0.0,14193.78
OI01598-1,O01598,P078,2,0.2,7014.4
OI01598-2,O01598,P050,1,0.0,2012.25
OI01599-1,O01599,P049,3,0.15,6549.34
OI01599-2,O01599,P071,1,0.2,2373.93
OI01599-3,O01599,P072,3,0.1,4179.22
OI01599-4,O01599,P042,1,0.1,768.11
OI01600-1,O01600,P066,2,0.15,2927.42
OI01600-2,O01600,P029,3,0.2,6733.42
OI01600-3,O01600,P012,2,0.15,3603.01
OI01601-1,O01601,P062,1,0.0,1973.83
OI01601-2,O01601,P012,2,0.05,4026.9
OI01601-3,O01601,P054,3,0.2,6450.36
OI01602-1,O01602,P067,1,0.05,3559.49
OI01602-2,O01602,P077,3,0.2,11584.22
OI01602-3,O01602,P054,1,0.0,2687.65
OI01603-1,O01603,P058,2,0.15,6365.53
OI01604-1,O01604,P069,2,0.15,7975.31
OI01604-2,O01604,P018,1,0.05,877.72
OI01604-3,O01604,P012,3,0.05,6040.35
OI01604-4,O01604,P080,3,0.2,4109.02
OI01605-1,O01605,P012,1,0.0,2119.42
OI01605-2,O01605,P038,1,0.15,2903.22
OI01605-3,O01605,P052,3,0.0,8238.75
OI01606-1,O01606,P045,2,0.15,8213.5
OI01606-2,O01606,P002,3,0.0,7680.06
OI01606-3,O01606,P055,2,0.0,4772.86
OI01606-4,O01606,P039,3,0.1,4276.48
OI01607-1,O01607,P009,2,0.1,5567.18
OI01608-1,O01608,P016,3,0.15,7585.1
OI01608-2,O01608,P040,3,0.15,7496.57
OI01608-3,O01608,P024,3,0.2,8715.22
OI01609-1,O01609,P072,3,0.1,4179.22
OI01609-2,O01609,P051,3,0.1,3948.02
OI01609-3,O01609,P018,3,0.15,2356.0
OI01610-1,O01610,P030,3,0.05,11549.8
OI01611-1,O01611,P038,3,0.05,9734.32
OI01612-1,O01612,P036,3,0.0,13327.05
OI01612-2,O01612,P002,2,0.0,5120.04
OI01612-3,O01612,P030,1,0.1,3647.3
OI01612-4,O01612,P068,2,0.15,2429.61
OI01613-1,O01613,P080,2,0.0,3424.18
OI01614-1,O01614,P004,2,0.15,1868.56
OI01614-2,O01614,P044,1,0.0,4685.14
OI01614-3,O01614,P022,1,0.0,1446.6
OI01614-4,O01614,P003,2,0.1,8891.41
OI01615-1,O01615,P030,3,0.05,11549.8
OI01615-2,O01615,P014,3,0.0,7092.63
OI01615-3,O01615,P072,3,0.2,3714.86
OI01615-4,O01615,P055,2,0.1,4295.57
OI01616-1,O01616,P076,2,0.15,3492.8
OI01616-2,O01616,P033,3,0.05,10719.85
OI01617-1,O01617,P057,2,0.2,7726.99
OI01617-2,O01617,P010,1,0.2,2275.43
OI01618-1,O01618,P011,2,0.15,7569.25
OI01618-2,O01618,P076,1,0.0,2054.59
OI01618-3,O01618,P025,3,0.1,7806.81
OI01618-4,O01618,P030,1,0.0,4052.56
OI01619-1,O01619,P054,1,0.2,2150.12
OI01619-2,O01619,P034,3,0.15,10389.72
OI01619-3,O01619,P050,1,0.0,2012.25
OI01620-1,O01620,P030,1,0.0,4052.56
OI01621-1,O01621,P060,2,0.2,6499.18
OI01621-2,O01621,P076,3,0.1,5547.39
OI01621-3,O01621,P010,3,0.0,8532.87
OI01621-4,O01621,P048,2,0.0,8331.44
OI01622-1,O01622,P071,3,0.0,8902.23
OI01622-2,O01622,P080,2,0.05,3252.97
OI01622-3,O01622,P034,1,0.0,4074.4
OI01622-4,O01622,P066,2,0.2,2755.22
OI01623-1,O01623,P014,1,0.1,2127.79
OI01623-2,O01623,P030,2,0.0,8105.12
OI01623-3,O01623,P039,1,0.1,1425.49
OI01623-4,O01623,P057,2,0.1,8692.87
OI01624-1,O01624,P077,3,0.2,11584.22
OI01624-2,O01624,P025,3,0.0,8674.23
OI01624-3,O01624,P079,2,0.0,3538.74
OI01625-1,O01625,P044,3,0.1,12649.88
OI01626-1,O01626,P054,3,0.1,7256.66
OI01626-2,O01626,P001,3,0.0,14243.52
OI01626-3,O01626,P073,1,0.0,1263.86
OI01627-1,O01627,P019,2,0.15,1476.98
OI01627-2,O01627,P045,3,0.05,13769.69
OI01627-3,O01627,P037,1,0.2,2330.98
OI01628-1,O01628,P054,3,0.05,7659.8
OI01628-2,O01628,P012,3,0.0,6358.26
OI01628-3,O01628,P021,3,0.05,2181.08
OI01628-4,O01628,P072,1,0.15,1315.68
OI01629-1,O01629,P024,3,0.0,10894.02
OI01629-2,O01629,P053,2,0.2,6947.65
OI01629-3,O01629,P057,1,0.2,3863.5
OI01629-4,O01629,P074,2,0.15,7670.11
OI01630-1,O01630,P030,2,0.05,7699.86
OI01630-2,O01630,P005,3,0.15,12296.81
OI01630-3,O01630,P055,2,0.05,4534.22
OI01631-1,O01631,P064,1,0.2,1560.48
OI01631-2,O01631,P037,3,0.0,8741.16
OI01632-1,O01632,P050,2,0.15,3420.82
OI01633-1,O01633,P031,3,0.0,1187.34
OI01633-2,O01633,P056,3,0.2,10243.56
OI01633-3,O01633,P068,1,0.0,1429.18
OI01633-4,O01633,P067,1,0.15,3184.81
OI01634-1,O01634,P005,2,0.0,9644.56
OI01635-1,O01635,P035,3,0.15,8432.72
OI01635-2,O01635,P040,2,0.15,4997.71
OI01635-3,O01635,P063,2,0.0,2831.14
OI01636-1,O01636,P065,2,0.0,8768.98
OI01636-2,O01636,P059,3,0.0,4706.4
OI01637-1,O01637,P041,1,0.05,2545.46
OI01638-1,O01638,P062,2,0.0,3947.66
OI01638-2,O01638,P066,1,0.2,1377.61
OI01639-1,O01639,P071,2,0.0,5934.82
OI01639-2,O01639,P017,3,0.05,5188.77
OI01639-3,O01639,P066,1,0.15,1463.71
OI01639-4,O01639,P076,3,0.1,5547.39
OI01640-1,O01640,P010,1,0.0,2844.29
OI01640-2,O01640,P017,1,0.0,1820.62
OI01640-3,O01640,P050,3,0.05,5734.91
OI01640-4,O01640,P062,1,0.1,1776.45
OI01641-1,O01641,P048,2,0.15,7081.72
OI01641-2,O01641,P034,3,0.2,9778.56
OI01641-3,O01641,P006,1,0.15,2357.27
OI01641-4,O01641,P047,1,0.2,2908.56
OI01642-1,O01642,P050,3,0.15,5131.24
OI01643-1,O01643,P055,3,0.1,6443.36
OI01643-2,O01643,P016,3,0.0,8923.65
OI01643-3,O01643,P014,3,0.1,6383.37
OI01644-1,O01644,P075,1,0.2,1816.5
OI01644-2,O01644,P059,1,0.15,1333.48
OI01644-3,O01644,P012,2,0.1,3814.96
OI01645-1,O01645,P002,2,0.05,4864.04
OI01645-2,O01645,P011,1,0.15,3784.62
OI01645-3,O01645,P001,1,0.05,4510.45
OI01646-1,O01646,P026,1,0.2,3411.88
OI01646-2,O01646,P023,3,0.0,13500.09
OI01646-3,O01646,P015,1,0.1,1129.0
OI01647-1,O01647,P039,3,0.2,3801.31
OI01647-2,O01647,P046,2,0.0,2725.94
OI01648-1,O01648,P070,2,0.15,3721.69
OI01648-2,O01648,P080,3,0.2,4109.02
OI01649-1,O01649,P025,3,0.05,8240.52
OI01650-1,O01650,P038,1,0.05,3244.77
OI01651-1,O01651,P064,1,0.0,1950.6
OI01651-2,O01651,P013,2,0.0,6235.38
OI01651-3,O01651,P009,1,0.2,2474.3
OI01651-4,O01651,P033,3,0.0,11284.05
OI01652-1,O01652,P014,2,0.2,3782.74
OI01653-1,O01653,P044,1,0.2,3748.11
OI01653-2,O01653,P042,3,0.2,2048.28
OI01653-3,O01653,P023,2,0.1,8100.05
OI01653-4,O01653,P011,2,0.2,7124.0
OI01654-1,O01654,P039,2,0.05,3009.37
OI01655-1,O01655,P050,3,0.05,5734.91
OI01655-2,O01655,P041,2,0.05,5090.92
OI01655-3,O01655,P031,3,0.0,1187.34
OI01655-4,O01655,P047,3,0.2,8725.68
OI01656-1,O01656,P017,2,0.05,3459.18
OI01657-1,O01657,P049,3,0.1,6934.6
OI01657-2,O01657,P071,3,0.0,8902.23
OI01657-3,O01657,P021,1,0.15,650.5
OI01657-4,O01657,P072,3,0.0,4643.58
OI01658-1,O01658,P029,2,0.15,4769.5
OI01658-2,O01658,P052,2,0.2,4394.0
OI01658-3,O01658,P070,1,0.1,1970.31
OI01658-4,O01658,P075,1,0.15,1930.03
OI01659-1,O01659,P058,3,0.05,10671.63
OI01659-2,O01659,P014,2,0.15,4019.16
OI01659-3,O01659,P034,2,0.1,7333.92
OI01659-4,O01659,P069,1,0.2,3753.09
OI01660-1,O01660,P075,3,0.15,5790.08
OI01660-2,O01660,P061,3,0.15,11358.03
OI01661-1,O01661,P056,3,0.05,12164.23
OI01662-1,O01662,P073,1,0.0,1263.86
OI01662-2,O01662,P034,2,0.0,8148.8
OI01663-1,O01663,P045,1,0.05,4589.9
OI01663-2,O01663,P079,1,0.1,1592.43
OI01664-1,O01664,P071,3,0.0,8902.23
OI01664-2,O01664,P064,2,0.0,3901.2
OI01664-3,O01664,P037,2,0.15,4953.32
OI01664-4,O01664,P012,2,0.15,3603.01
OI01665-1,O01665,P031,1,0.05,375.99
OI01666-1,O01666,P027,3,0.15,10641.84
OI01666-2,O01666,P035,3,0.0,9920.85
OI01666-3,O01666,P012,1,0.05,2013.45
OI01667-1,O01667,P068,3,0.0,4287.54
OI01667-2,O01667,P040,2,0.0,5879.66
OI01667-3,O01667,P019,2,0.15,1476.98
OI01667-4,O01667,P024,3,0.15,9259.92
OI01668-1,O01668,P066,3,0.1,4649.43
OI01669-1,O01669,P016,3,0.05,8477.47
OI01669-2,O01669,P045,1,0.0,4831.47
OI01669-3,O01669,P031,1,0.0,395.78
OI01669-4,O01669,P008,3,0.0,14193.78
OI01670-1,O01670,P015,3,0.0,3763.32
OI01671-1,O01671,P067,3,0.05,10678.47
OI01671-2,O01671,P079,3,0.15,4511.89
OI01671-3,O01671,P028,1,0.15,3285.66
OI01671-4,O01671,P064,3,0.0,5851.8
OI01672-1,O01672,P024,3,0.0,10894.02
OI01672-2,O01672,P048,3,0.1,11247.44
OI01672-3,O01672,P069,3,0.1,12666.67
OI01673-1,O01673,P072,3,0.15,3947.04
OI01674-1,O01674,P034,3,0.0,12223.2
OI01674-2,O01674,P003,1,0.0,4939.67
OI01675-1,O01675,P050,2,0.0,4024.5
OI01675-2,O01675,P043,2,0.0,6985.64
OI01675-3,O01675,P021,1,0.2,612.23
OI01676-1,O01676,P065,3,0.0,13153.47
OI01676-2,O01676,P019,2,0.15,1476.98
OI01676-3,O01676,P066,3,0.15,4391.13
OI01677-1,O01677,P014,3,0.15,6028.74
OI01678-1,O01678,P059,1,0.1,1411.92
OI01678-2,O01678,P047,2,0.2,5817.12
OI01678-3,O01678,P028,2,0.15,6571.32
OI01678-4,O01678,P022,3,0.0,4339.8
OI01679-1,O01679,P078,1,0.1,3945.6
OI01679-2,O01679,P062,3,0.05,5625.42
OI01680-1,O01680,P032,3,0.0,14544.36
OI01681-1,O01681,P015,3,0.0,3763.32
OI01681-2,O01681,P072,3,0.2,3714.86
OI01681-3,O01681,P017,1,0.05,1729.59
OI01681-4,O01681,P018,3,0.0,2771.76
OI01682-1,O01682,P078,3,0.0,13152.0
OI01682-2,O01682,P004,1,0.0,1099.15
OI01682-3,O01682,P050,1,0.0,2012.25
OI01683-1,O01683,P003,1,0.1,4445.7
OI01684-1,O01684,P033,2,0.15,6394.3
OI01685-1,O01685,P046,2,0.2,2180.75
OI01685-2,O01685,P003,3,0.15,12596.16
OI01685-3,O01685,P073,3,0.2,3033.26
OI01686-1,O01686,P037,2,0.1,5244.7
OI01686-2,O01686,P062,2,0.05,3750.28
OI01687-1,O01687,P047,1,0.2,2908.56
OI01687-2,O01687,P004,3,0.05,3132.58
OI01687-3,O01687,P024,3,0.0,10894.02
OI01688-1,O01688,P023,2,0.2,7200.05
OI01688-2,O01688,P066,3,0.05,4907.73
OI01688-3,O01688,P048,3,0.1,11247.44
OI01689-1,O01689,P055,3,0.1,6443.36
OI01689-2,O01689,P034,1,0.2,3259.52
OI01689-3,O01689,P035,1,0.15,2810.91
OI01690-1,O01690,P033,3,0.15,9591.44
OI01690-2,O01690,P053,2,0.2,6947.65
OI01690-3,O01690,P058,3,0.1,10109.96
OI01691-1,O01691,P029,1,0.1,2525.03
OI01691-2,O01691,P066,3,0.1,4649.43
OI01691-3,O01691,P065,3,0.15,11180.45
OI01691-4,O01691,P058,2,0.2,5991.09
OI01692-1,O01692,P076,2,0.1,3698.26
OI01692-2,O01692,P015,3,0.05,3575.15
OI01692-3,O01692,P004,3,0.2,2637.96
OI01693-1,O01693,P011,1,0.05,4229.88
OI01693-2,O01693,P019,1,0.0,868.81
OI01694-1,O01694,P024,2,0.15,6173.28
OI01694-2,O01694,P011,1,0.1,4007.25
OI01694-3,O01694,P070,2,0.2,3502.77
OI01694-4,O01694,P001,3,0.2,11394.82
OI01695-1,O01695,P069,3,0.15,11962.97
OI01695-2,O01695,P039,2,0.0,3167.76
OI01695-3,O01695,P007,3,0.0,2498.52
OI01696-1,O01696,P075,2,0.0,4541.24
OI01696-2,O01696,P041,2,0.2,4287.09
OI01696-3,O01696,P051,1,0.0,1462.23
OI01696-4,O01696,P058,1,0.2,2995.54
OI01697-1,O01697,P026,1,0.15,3625.12
OI01698-1,O01698,P076,3,0.2,4931.02
OI01698-2,O01698,P008,1,0.05,4494.7
OI01698-3,O01698,P067,1,0.1,3372.15
OI01699-1,O01699,P006,3,0.0,8319.78
OI01699-2,O01699,P051,2,0.15,2485.79
OI01700-1,O01700,P047,2,0.1,6544.26
